guid,user_created_at,user_status,email,prev_10_emails,username,prev_10_usernames,events
65dd19e10e998245d147790cd239da60,2025-01-30T03:55:59.000Z,active,softkestrel423@outlook.com,"emberlark@yandex.ru,LeaZingKyat@glimmerpost.review,LeaIdsSpuds@quillmorrow.trade,tomasmoreau@yahoo.com,DimsZingLea@sablefern.racing,LeaMugJute@sablefern.racing,IdsSpudsJute@sablefern.racing,LierIdsHomed@brindlewick.loan,BurnsElmKyat@sablefern.racing,ElmZingLier@quillmorrow.trade",Softkestrel423,"emberlark,LeaZingKyat,LeaIdsSpuds,TomasMoreau,DimsZingLea,LeaMugJute,IdsSpudsJute,LierIdsHomed,BurnsElmKyat,ElmZingLier","{""1"": {""timestamp"": ""2024-03-01T12:11:36.000Z"", ""event_type"": ""account_creation"", ""ip_address"": null, ""client_id"": null, ""country"": null, ""subdivision"": null, ""user_agent"": null, ""successful"": true, ""error"": null, ""is_anonymous"": false, ""is_anonymous_vpn"": false, ""is_hosting_provider"": false, ""is_public_proxy"": false, ""is_residential_proxy"": false, ""is_tor_exit_node"": false, ""asn_org"": null}, ""2"": {""timestamp"": ""2024-03-01T12:11:40.336Z"", ""event_type"": ""activation"", ""ip_address"": null, ""client_id"": null, ""country"": null, ""subdivision"": null, ""user_agent"": null, ""successful"": true, ""error"": null, ""is_anonymous"": false, ""is_anonymous_vpn"": false, ""is_hosting_provider"": false, ""is_public_proxy"": false, ""is_residential_proxy"": false, ""is_tor_exit_node"": false, ""asn_org"": null}}"
3379bdf7957629a13e7de6a2718316a3,2025-02-04T05:39:31.000Z,active,spud5pr1mt33@tarnhollow.win,"TeePrimSkreem@quillmorrow.trade,CoupsSkreemBurns@brindlewick.loan,IdsDimsKyat@vextrahold.faith,softkestrel797@hotmail.co.uk,pedrookafor@live.nl,LeaBurnsDims@vextrahold.faith,HubsElmMug@vextrahold.faith,pixelraven65@live.nl,emberlark43@hotmail.com,elenasilva8@gmail.com",Spud5Pr1mT33,"TeePrimSkreem,CoupsSkreemBurns,IdsDimsKyat,softkestrel797,PedroOkafor,LeaBurnsDims,HubsElmMug,pixelraven65,emberlark43,ElenaSilva8","{""1"": {""timestamp"": ""2024-03-01T06:33:18.000Z"", ""event_type"": ""account_creation"", ""ip_address"": null, ""client_id"": null, ""country"": null, ""subdivision"": null, ""user_agent"": null, ""successful"": true, ""error"": null, ""is_anonymous"": false, ""is_anonymous_vpn"": false, ""is_hosting_provider"": false, ""is_public_proxy"": false, ""is_residential_proxy"": false, ""is_tor_exit_node"": false, ""asn_org"": null}, ""2"": {""timestamp"": ""2024-03-01T06:33:32.137Z"", ""event_type"": ""activation"", ""ip_address"": null, ""client_id"": null, ""country"": null, ""subdivision"": null, ""user_agent"": null, ""successful"": true, ""error"": null, ""is_anonymous"": false, ""is_anonymous_vpn"": false, ""is_hosting_provider"": false, ""is_public_proxy"": false, ""is_residential_proxy"": false, ""is_tor_exit_node"": false, ""asn_org"": null}}"
ef09a544abcef7e63d4907ccc3f24fef,2024-10-28T17:35:53.000Z,active,tbzrkktsp@sablefern.racing,"ElmLeaHubs@duskwillow.bid,DimsHomedPrim@duskwillow.bid,ashenpike847@gmail.com,ZingElmLea@quillmorrow.trade,lukasdubois@aol.com,SpudsKyatSkreem@sablefern.racing,glasshare@live.nl,HomedBurnsLea@quillmorrow.trade,elenakowalski99@hotmail.co.uk,elenalindqvist68@yahoo.com",tbzrkktsp,"ElmLeaHubs,DimsHomedPrim,ashenpike847,ZingElmLea,LukasDubois,SpudsKyatSkreem,glasshare,HomedBurnsLea,ElenaKowalski99,ElenaLindqvist68","{""1"": {""timestamp"": ""2024-03-01T10:34:51.000Z"", ""event_type"": ""account_creation"", ""ip_address"": null, ""client_id"": null, ""country"": null, ""subdivision"": null, ""user_agent"": null, ""successful"": true, ""error"": null, ""is_anonymous"": false, ""is_anonymous_vpn"": false, ""is_hosting_provider"": false, ""is_public_proxy"": false, ""is_residential_proxy"": false, ""is_tor_exit_node"": false, ""asn_org"": null}, ""2"": {""timestamp"": ""2024-03-01T10:35:02.830Z"", ""event_type"": ""activation"", ""ip_address"": null, ""client_id"": null, ""country"": null, ""subdivision"": null, ""user_agent"": null, ""successful"": true, ""error"": null, ""is_anonymous"": false, ""is_anonymous_vpn"": false, ""is_hosting_provider"": false, ""is_public_proxy"": false, ""is_residential_proxy"": false, ""is_tor_exit_node"": false, ""asn_org"": null}}"
7deda15107e51311038af24a258d4bce,2024-07-03T01:02:27.000Z,active,HomedDims654083@questrev.com,"HomedDims654076@questrev.com,HomedDims654077@questrev.com,HomedDims654078@questrev.com,HomedDims654079@questrev.com,HomedDims654080@questrev.com,LeaTeeSkreem@quillmorrow.trade,ViaBurnsKyat@brindlewick.loan,anjavasquez39@yandex.ru,HomedMugCoups@brindlewick.loan,ivankeller@hotmail.com",HomedDims654083,"HomedDims654076,HomedDims654077,HomedDims654078,HomedDims654079,HomedDims654080,LeaTeeSkreem,ViaBurnsKyat,AnjaVasquez39,HomedMugCoups,IvanKeller","{""1"": {""timestamp"": ""2024-03-01T14:10:14.000Z"", ""event_type"": ""account_creation"", ""ip_address"": null, ""client_id"": null, ""country"": null, ""subdivision"": null, ""user_agent"": null, ""successful"": true, ""error"": null, ""is_anonymous"": false, ""is_anonymous_vpn"": false, ""is_hosting_provider"": false, ""is_public_proxy"": false, ""is_residential_proxy"": false, ""is_tor_exit_node"": false, ""asn_org"": null}, ""2"": {""timestamp"": ""2024-03-01T14:10:15.631Z"", ""event_type"": ""activation"", ""ip_address"": null, ""client_id"": null, ""country"": null, ""subdivision"": null, ""user_agent"": null, ""successful"": true, ""error"": null, ""is_anonymous"": false, ""is_anonymous_vpn"": false, ""is_hosting_provider"": false, ""is_public_proxy"": false, ""is_residential_proxy"": false, ""is_tor_exit_node"": false, ""asn_org"": null}}"
0a96c71695cfb9945a7ffe5a972acd40,2025-01-09T00:28:10.000Z,active,hn9qxqrvmd6@brindlewick.loan,"paleheron550@gmx.de,MugHubsDims@brindlewick.loan,jameskowalski91@gmx.de,quietmoth@live.nl,BurnsSpudsKyat@sablefern.racing,KyatPrimHubs@hollowmarch.men,TeeHomedBurns@quillmorrow.trade,freyabianchi@live.nl,elenalindqvist81@hotmail.com,LierMugBurns@duskwillow.bid",hn9qxqrvmd6,"paleheron550,MugHubsDims,JamesKowalski91,quietmoth,BurnsSpudsKyat,KyatPrimHubs,TeeHomedBurns,FreyaBianchi,ElenaLindqvist81,LierMugBurns","{""1"": {""timestamp"": ""2024-03-01T18:19:56.000Z"", ""event_type"": ""account_creation"", ""ip_address"": null, ""client_id"": null, ""country"": null, ""subdivision"": null, ""user_agent"": null, ""successful"": true, ""error"": null, ""is_anonymous"": false, ""is_anonymous_vpn"": false, ""is_hosting_provider"": false, ""is_public_proxy"": false, ""is_residential_proxy"": false, ""is_tor_exit_node"": false, ""asn_org"": null}, ""2"": {""timestamp"": ""2024-03-01T18:20:01.750Z"", ""event_type"": ""activation"", ""ip_address"": null, ""client_id"": null, ""country"": null, ""subdivision"": null, ""user_agent"": null, ""successful"": true, ""error"": null, ""is_anonymous"": false, ""is_anonymous_vpn"": false, ""is_hosting_provider"": false, ""is_public_proxy"": false, ""is_residential_proxy"": false, ""is_tor_exit_node"": false, ""asn_org"": null}}"
8d7531e430077847586dcb16764bb0de,2024-11-20T19:15:58.000Z,active,frostgoat7335@livequestmap.fr,"duskotter127@gmx.de,PrimLierCoups@vextrahold.faith,HomedTeeHubs@brindlewick.loan,noahokafor94@hotmail.com,tinvulture295@yandex.ru,emberlark58@gmail.com,ZingPrimBurns@glimmerpost.review,tomasmoreau81@yandex.ru,MugZingIds@vextrahold.faith,MugHomedLea@brindlewick.loan",frostgoat7335,"duskotter127,PrimLierCoups,HomedTeeHubs,NoahOkafor94,tinvulture295,emberlark58,ZingPrimBurns,TomasMoreau81,MugZingIds,MugHomedLea","{""1"": {""timestamp"": ""2024-03-01T14:56:20.000Z"", ""event_type"": ""account_creation"", ""ip_address"": null, ""client_id"": null, ""country"": null, ""subdivision"": null, ""user_agent"": null, ""successful"": true, ""error"": null, ""is_anonymous"": false, ""is_anonymous_vpn"": false, ""is_hosting_provider"": false, ""is_public_proxy"": false, ""is_residential_proxy"": false, ""is_tor_exit_node"": false, ""asn_org"": null}, ""2"": {""timestamp"": ""2024-03-01T14:56:22.876Z"", ""event_type"": ""activation"", ""ip_address"": null, ""client_id"": null, ""country"": null, ""subdivision"": null, ""user_agent"": null, ""successful"": true, ""error"": null, ""is_anonymous"": false, ""is_anonymous_vpn"": false, ""is_hosting_provider"": false, ""is_public_proxy"": false, ""is_residential_proxy"": false, ""is_tor_exit_node"": false, ""asn_org"": null}}"
99f949bca7b0a6576d2903d7207110ea,2025-01-07T18:25:51.000Z,active,ivankeller@hotmail.co.uk,"emberlark803@live.nl,HomedLierDims@tarnhollow.win,duskotter291@gmx.de,BurnsHubsLea@vextrahold.faith,SkreemSpudsIds@hollowmarch.men,LierMugDims@sablefern.racing,emberlark@live.nl,HubsZingLier@hollowmarch.men,oscarlindqvist13@hotmail.com,sofiaahmed94@hotmail.co.uk",IvanKeller,"emberlark803,HomedLierDims,duskotter291,BurnsHubsLea,SkreemSpudsIds,LierMugDims,emberlark,HubsZingLier,OscarLindqvist13,SofiaAhmed94","{""1"": {""timestamp"": ""2024-03-01T00:00:00.000Z"", ""event_type"": ""account_creation"", ""ip_address"": null, ""client_id"": null, ""country"": null, ""subdivision"": null, ""user_agent"": null, ""successful"": true, ""error"": null, ""is_anonymous"": false, ""is_anonymous_vpn"": false, ""is_hosting_provider"": false, ""is_public_proxy"": false, ""is_residential_proxy"": false, ""is_tor_exit_node"": false, ""asn_org"": null}, ""2"": {""timestamp"": ""2024-03-01T01:10:10.000Z"", ""event_type"": ""activation"", ""ip_address"": null, ""client_id"": null, ""country"": null, ""subdivision"": null, ""user_agent"": null, ""successful"": false, ""error"": ""token_expired"", ""is_anonymous"": false, ""is_anonymous_vpn"": false, ""is_hosting_provider"": false, ""is_public_proxy"": false, ""is_residential_proxy"": false, ""is_tor_exit_node"": false, ""asn_org"": null}, ""3"": {""timestamp"": ""2024-03-01T02:45:00.000Z"", ""event_type"": ""activation"", ""ip_address"": null, ""client_id"": null, ""country"": null, ""subdivision"": null, ""user_agent"": null, ""successful"": true, ""error"": null, ""is_anonymous"": false, ""is_anonymous_vpn"": false, ""is_hosting_provider"": false, ""is_public_proxy"": false, ""is_residential_proxy"": false, ""is_tor_exit_node"": false, ""asn_org"": null}}"
557a7156e9af70a3dc3fb0008c247e17,2024-10-05T16:36:21.000Z,active,HubsSpudsBurns@marlowkft28.com,"MugDimsElm@glimmerpost.review,elenakeller@gmail.com,duskotter696@gmail.com,ViaIdsTee@hollowmarch.men,CoupsZingDims@vextrahold.faith,paleheron981@yandex.ru,ElmLierHubs@sablefern.racing,sofiadubois95@live.nl,CoupsViaLea@brindlewick.loan,SkreemJuteSpuds@hollowmarch.men",HubsSpudsBurns,"MugDimsElm,ElenaKeller,duskotter696,ViaIdsTee,CoupsZingDims,paleheron981,ElmLierHubs,SofiaDubois95,CoupsViaLea,SkreemJuteSpuds","{""1"": {""timestamp"": ""2024-03-01T11:13:42.000Z"", ""event_type"": ""account_creation"", ""ip_address"": null, ""client_id"": null, ""country"": null, ""subdivision"": null, ""user_agent"": null, ""successful"": true, ""error"": null, ""is_anonymous"": false, ""is_anonymous_vpn"": false, ""is_hosting_provider"": false, ""is_public_proxy"": false, ""is_residential_proxy"": false, ""is_tor_exit_node"": false, ""asn_org"": null}, ""2"": {""timestamp"": ""2024-03-01T11:14:02.447Z"", ""event_type"": ""activation"", ""ip_address"": null, ""client_id"": null, ""country"": null, ""subdivision"": null, ""user_agent"": null, ""successful"": true, ""error"": null, ""is_anonymous"": false, ""is_anonymous_vpn"": false, ""is_hosting_provider"": false, ""is_public_proxy"": false, ""is_residential_proxy"": false, ""is_tor_exit_node"": false, ""asn_org"": null}}"
38e69c8264d54b93e818ae26b8e59df3,2025-02-04T10:36:27.000Z,active,hub5mugky4t@hollowmarch.men,"pedrobianchi@hotmail.co.uk,SkreemBurnsLier@brindlewick.loan,softkestrel@gmx.de,LeaIdsHubs@vextrahold.faith,SpudsDimsPrim@vextrahold.faith,zaraokafor@hotmail.co.uk,softkestrel877@hotmail.com,pixelraven489@yahoo.com,tomaskeller@live.nl,noahokafor@outlook.com",Hub5MugKy4t,"PedroBianchi,SkreemBurnsLier,softkestrel,LeaIdsHubs,SpudsDimsPrim,ZaraOkafor,softkestrel877,pixelraven489,TomasKeller,NoahOkafor","{""1"": {""timestamp"": ""2024-03-01T09:04:53.000Z"", ""event_type"": ""account_creation"", ""ip_address"": null, ""client_id"": null, ""country"": null, ""subdivision"": null, ""user_agent"": null, ""successful"": true, ""error"": null, ""is_anonymous"": false, ""is_anonymous_vpn"": false, ""is_hosting_provider"": false, ""is_public_proxy"": false, ""is_residential_proxy"": false, ""is_tor_exit_node"": false, ""asn_org"": null}, ""2"": {""timestamp"": ""2024-03-01T09:05:04.288Z"", ""event_type"": ""activation"", ""ip_address"": null, ""client_id"": null, ""country"": null, ""subdivision"": null, ""user_agent"": null, ""successful"": true, ""error"": null, ""is_anonymous"": false, ""is_anonymous_vpn"": false, ""is_hosting_provider"": false, ""is_public_proxy"": false, ""is_residential_proxy"": false, ""is_tor_exit_node"": false, ""asn_org"": null}}"
a07a7e25a36f8d70f0f95c36b9664c0f,2024-04-28T16:57:38.000Z,active,paleheron9127@questrev.com,"pedrokeller49@hotmail.co.uk,ZingBurnsSkreem@sablefern.racing,JuteKyatLea@vextrahold.faith,tinvulture936@yahoo.com,tinvulture424@icloud.com,ViaIdsCoups@quillmorrow.trade,PrimLierElm@hollowmarch.men,ZingBurnsJute@tarnhollow.win,oscarvasquez21@icloud.com,ViaHomedKyat@duskwillow.bid",paleheron9127,"PedroKeller49,ZingBurnsSkreem,JuteKyatLea,tinvulture936,tinvulture424,ViaIdsCoups,PrimLierElm,ZingBurnsJute,OscarVasquez21,ViaHomedKyat","{""1"": {""timestamp"": ""2024-03-01T15:26:26.000Z"", ""event_type"": ""account_creation"", ""ip_address"": null, ""client_id"": null, ""country"": null, ""subdivision"": null, ""user_agent"": null, ""successful"": true, ""error"": null, ""is_anonymous"": false, ""is_anonymous_vpn"": false, ""is_hosting_provider"": false, ""is_public_proxy"": false, ""is_residential_proxy"": false, ""is_tor_exit_node"": false, ""asn_org"": null}, ""2"": {""timestamp"": ""2024-03-01T15:26:36.080Z"", ""event_type"": ""activation"", ""ip_address"": null, ""client_id"": null, ""country"": null, ""subdivision"": null, ""user_agent"": null, ""successful"": true, ""error"": null, ""is_anonymous"": false, ""is_anonymous_vpn"": false, ""is_hosting_provider"": false, ""is_public_proxy"": false, ""is_residential_proxy"": false, ""is_tor_exit_node"": false, ""asn_org"": null}}"
0dc241b5052837c31c9ce5a9b03cb23e,2024-07-31T05:18:58.000Z,active,LeaBurns996505@guildgram.me,"LeaBurns996498@guildgram.me,LeaBurns996499@guildgram.me,LeaBurns996500@guildgram.me,LeaBurns996501@guildgram.me,LeaBurns996502@guildgram.me,BurnsPrimElm@sablefern.racing,quietmoth@gmail.com,HubsJuteBurns@sablefern.racing,quietmoth233@hotmail.co.uk,pixelraven260@yahoo.com",LeaBurns996505,"LeaBurns996498,LeaBurns996499,LeaBurns996500,LeaBurns996501,LeaBurns996502,BurnsPrimElm,quietmoth,HubsJuteBurns,quietmoth233,pixelraven260","{""1"": {""timestamp"": ""2024-03-01T07:12:44.000Z"", ""event_type"": ""account_creation"", ""ip_address"": null, ""client_id"": null, ""country"": null, ""subdivision"": null, ""user_agent"": null, ""successful"": true, ""error"": null, ""is_anonymous"": false, ""is_anonymous_vpn"": false, ""is_hosting_provider"": false, ""is_public_proxy"": false, ""is_residential_proxy"": false, ""is_tor_exit_node"": false, ""asn_org"": null}, ""2"": {""timestamp"": ""2024-03-01T07:12:45.281Z"", ""event_type"": ""activation"", ""ip_address"": null, ""client_id"": null, ""country"": null, ""subdivision"": null, ""user_agent"": null, ""successful"": true, ""error"": null, ""is_anonymous"": false, ""is_anonymous_vpn"": false, ""is_hosting_provider"": false, ""is_public_proxy"": false, ""is_residential_proxy"": false, ""is_tor_exit_node"": false, ""asn_org"": null}}"
0d82c1d9a03f363e73aba067631db878,2024-06-13T04:06:06.000Z,active,TeeZing902932@questrev.com,"TeeZing902925@questrev.com,TeeZing902926@questrev.com,TeeZing902927@questrev.com,TeeZing902928@questrev.com,TeeZing902929@questrev.com,emberlark467@gmx.de,HubsTeeIds@tarnhollow.win,lukaskeller@hotmail.co.uk,softkestrel491@yahoo.com,SpudsPrimZing@vextrahold.faith",TeeZing902932,"TeeZing902925,TeeZing902926,TeeZing902927,TeeZing902928,TeeZing902929,emberlark467,HubsTeeIds,LukasKeller,softkestrel491,SpudsPrimZing","{""1"": {""timestamp"": ""2024-03-01T19:14:36.000Z"", ""event_type"": ""account_creation"", ""ip_address"": null, ""client_id"": null, ""country"": null, ""subdivision"": null, ""user_agent"": null, ""successful"": true, ""error"": null, ""is_anonymous"": false, ""is_anonymous_vpn"": false, ""is_hosting_provider"": false, ""is_public_proxy"": false, ""is_residential_proxy"": false, ""is_tor_exit_node"": false, ""asn_org"": null}, ""2"": {""timestamp"": ""2024-03-01T19:14:41.944Z"", ""event_type"": ""activation"", ""ip_address"": null, ""client_id"": null, ""country"": null, ""subdivision"": null, ""user_agent"": null, ""successful"": true, ""error"": null, ""is_anonymous"": false, ""is_anonymous_vpn"": false, ""is_hosting_provider"": false, ""is_public_proxy"": false, ""is_residential_proxy"": false, ""is_tor_exit_node"": false, ""asn_org"": null}}"
5030566a54f993bff900e616cfd0def2,2024-10-02T09:46:33.000Z,active,ZingCoupsDims@haraldsen77.org,"CoupsHomedJute@hollowmarch.men,freyasilva@yahoo.com,IdsPrimKyat@hollowmarch.men,LeaBurnsPrim@duskwillow.bid,quietmoth@yahoo.com,CoupsBurnsLea@quillmorrow.trade,ivannovak89@gmail.com,KyatJuteVia@brindlewick.loan,elenavasquez@yahoo.com,TeeZingHubs@tarnhollow.win",ZingCoupsDims,"CoupsHomedJute,FreyaSilva,IdsPrimKyat,LeaBurnsPrim,quietmoth,CoupsBurnsLea,IvanNovak89,KyatJuteVia,ElenaVasquez,TeeZingHubs","{""1"": {""timestamp"": ""2024-03-01T20:23:32.000Z"", ""event_type"": ""account_creation"", ""ip_address"": null, ""client_id"": null, ""country"": null, ""subdivision"": null, ""user_agent"": null, ""successful"": true, ""error"": null, ""is_anonymous"": false, ""is_anonymous_vpn"": false, ""is_hosting_provider"": false, ""is_public_proxy"": false, ""is_residential_proxy"": false, ""is_tor_exit_node"": false, ""asn_org"": null}, ""2"": {""timestamp"": ""2024-03-01T20:23:45.117Z"", ""event_type"": ""activation"", ""ip_address"": null, ""client_id"": null, ""country"": null, ""subdivision"": null, ""user_agent"": null, ""successful"": true, ""error"": null, ""is_anonymous"": false, ""is_anonymous_vpn"": false, ""is_hosting_provider"": false, ""is_public_proxy"": false, ""is_residential_proxy"": false, ""is_tor_exit_node"": false, ""asn_org"": null}}"
48663be6d3f8850929426b93006a4ad7,2024-09-02T15:32:41.000Z,active,frostgoat@outlook.com,"oscardubois25@yandex.ru,pixelraven@hotmail.com,SpudsMugIds@vextrahold.faith,SpudsJuteTee@tarnhollow.win,LeaLierHubs@sablefern.racing,paleheron@hotmail.co.uk,HomedIdsVia@tarnhollow.win,HomedJuteElm@quillmorrow.trade,HomedZingLier@brindlewick.loan,pixelraven@hotmail.com",frostgoat,"OscarDubois25,pixelraven,SpudsMugIds,SpudsJuteTee,LeaLierHubs,paleheron,HomedIdsVia,HomedJuteElm,HomedZingLier,pixelraven","{""1"": {""timestamp"": ""2024-03-01T16:28:04.000Z"", ""event_type"": ""account_creation"", ""ip_address"": null, ""client_id"": null, ""country"": null, ""subdivision"": null, ""user_agent"": null, ""successful"": true, ""error"": null, ""is_anonymous"": false, ""is_anonymous_vpn"": false, ""is_hosting_provider"": false, ""is_public_proxy"": false, ""is_residential_proxy"": false, ""is_tor_exit_node"": false, ""asn_org"": null}, ""2"": {""timestamp"": ""2024-03-01T17:42:20.259Z"", ""event_type"": ""activation"", ""ip_address"": null, ""client_id"": null, ""country"": null, ""subdivision"": null, ""user_agent"": null, ""successful"": true, ""error"": null, ""is_anonymous"": false, ""is_anonymous_vpn"": false, ""is_hosting_provider"": false, ""is_public_proxy"": false, ""is_residential_proxy"": false, ""is_tor_exit_node"": false, ""asn_org"": null}}"
e24c80cfb6ef1228a02d0c61e7f0496d,2024-07-01T15:15:51.000Z,active,SkreemMugDimsHubsSpuds@sablefern.racing,"SkreemMugPrimLierZing@sablefern.racing,SkreemMugIdsHubsBurns@sablefern.racing,SkreemMugMugPrimElm@sablefern.racing,SkreemMugCoupsPrimSkreem@sablefern.racing,jamesnovak28@gmail.com,MugIdsHubs@duskwillow.bid,tinvulture724@icloud.com,softkestrel@icloud.com,tinvulture852@yahoo.com,ZingLeaSkreem@hollowmarch.men",SkreemMugDimsHubsSpuds,"SkreemMugHubsDimsPrim,SkreemMugLeaLierDims,SkreemMugBurnsSkreemCoups,SkreemMugCoupsSkreemHubs,JamesNovak28,MugIdsHubs,tinvulture724,softkestrel,tinvulture852,ZingLeaSkreem","{""1"": {""timestamp"": ""2024-07-01T15:15:51.000Z"", ""event_type"": ""account_creation"", ""ip_address"": null, ""client_id"": null, ""country"": null, ""subdivision"": null, ""user_agent"": null, ""successful"": true, ""error"": null, ""is_anonymous"": false, ""is_anonymous_vpn"": false, ""is_hosting_provider"": false, ""is_public_proxy"": false, ""is_residential_proxy"": false, ""is_tor_exit_node"": false, ""asn_org"": null}, ""2"": {""timestamp"": ""2024-07-01T15:15:57.986Z"", ""event_type"": ""activation"", ""ip_address"": null, ""client_id"": null, ""country"": null, ""subdivision"": null, ""user_agent"": null, ""successful"": true, ""error"": null, ""is_anonymous"": false, ""is_anonymous_vpn"": false, ""is_hosting_provider"": false, ""is_public_proxy"": false, ""is_residential_proxy"": false, ""is_tor_exit_node"": false, ""asn_org"": null}}"
78a11535c5dcc126359538513d1cf1d8,2024-08-09T04:28:02.000Z,active,coupsteeskreem@driftvolumea.club,"ElmLierZing@driftvolumeb.club,CoupsMugIds@driftvolumec.club,PrimSkreemMug@driftvolumeb.club,ElmPrimZing@driftvolumec.club,JuteLeaKyat@brindlewick.loan,pixelraven712@yandex.ru,tinvulture869@hotmail.co.uk,ViaHomedLea@tarnhollow.win,ViaSkreemElm@tarnhollow.win,HubsMugSkreem@quillmorrow.trade",CoupsTeeSkreem,"BurnsHomedHubs,MugElmLier,JuteTeeBurns,ViaTeeHubs,JuteLeaKyat,pixelraven712,tinvulture869,ViaHomedLea,ViaSkreemElm,HubsMugSkreem","{""1"": {""timestamp"": ""2024-03-01T02:59:14.000Z"", ""event_type"": ""account_creation"", ""ip_address"": null, ""client_id"": null, ""country"": null, ""subdivision"": null, ""user_agent"": null, ""successful"": true, ""error"": null, ""is_anonymous"": false, ""is_anonymous_vpn"": false, ""is_hosting_provider"": false, ""is_public_proxy"": false, ""is_residential_proxy"": false, ""is_tor_exit_node"": false, ""asn_org"": null}, ""2"": {""timestamp"": ""2024-03-01T02:59:22.913Z"", ""event_type"": ""activation"", ""ip_address"": null, ""client_id"": null, ""country"": null, ""subdivision"": null, ""user_agent"": null, ""successful"": true, ""error"": null, ""is_anonymous"": false, ""is_anonymous_vpn"": false, ""is_hosting_provider"": false, ""is_public_proxy"": false, ""is_residential_proxy"": false, ""is_tor_exit_node"": false, ""asn_org"": null}}"
534d1c8a92f104cea1983ee6b6800ef3,2024-04-09T05:41:57.000Z,active,ybjz3ycfusbh@privaterelay.appleid.com,"LierHomedHubs@brindlewick.loan,HubsIdsZing@hollowmarch.men,HubsJutePrim@hollowmarch.men,MugZingSkreem@hollowmarch.men,HomedKyatJute@brindlewick.loan,PrimIdsLier@brindlewick.loan,JuteDimsMug@quillmorrow.trade,HomedSpudsVia@glimmerpost.review,milokeller@outlook.com,sofiasilva@gmail.com",OscarLindqvist93,"LierHomedHubs,HubsIdsZing,HubsJutePrim,MugZingSkreem,HomedKyatJute,PrimIdsLier,JuteDimsMug,HomedSpudsVia,MiloKeller,SofiaSilva","{""1"": {""timestamp"": ""2024-03-01T05:40:04.000Z"", ""event_type"": ""account_creation"", ""ip_address"": null, ""client_id"": null, ""country"": null, ""subdivision"": null, ""user_agent"": null, ""successful"": true, ""error"": null, ""is_anonymous"": false, ""is_anonymous_vpn"": false, ""is_hosting_provider"": false, ""is_public_proxy"": false, ""is_residential_proxy"": false, ""is_tor_exit_node"": false, ""asn_org"": null}, ""2"": {""timestamp"": ""2024-03-01T07:34:32.789Z"", ""event_type"": ""activation"", ""ip_address"": null, ""client_id"": null, ""country"": null, ""subdivision"": null, ""user_agent"": null, ""successful"": true, ""error"": null, ""is_anonymous"": false, ""is_anonymous_vpn"": false, ""is_hosting_provider"": false, ""is_public_proxy"": false, ""is_residential_proxy"": false, ""is_tor_exit_node"": false, ""asn_org"": null}}"
d9d52d67c44780c77c523467ca3ac4a9,2024-04-09T22:49:22.000Z,active,lierskreemburns@driftvolumec.club,"IdsDimsHubs@driftvolumea.club,TeeJuteMug@driftvolumeb.club,CoupsPrimKyat@driftvolumea.club,HomedElmPrim@driftvolumeb.club,KyatJuteBurns@hollowmarch.men,TeeElmCoups@vextrahold.faith,DimsBurnsSpuds@duskwillow.bid,emberlark@outlook.com,KyatTeeBurns@brindlewick.loan,oscardubois57@hotmail.co.uk",LierSkreemBurns,"TeeHubsMug,BurnsCoupsKyat,SpudsLierHomed,LeaTeeKyat,KyatJuteBurns,TeeElmCoups,DimsBurnsSpuds,emberlark,KyatTeeBurns,OscarDubois57","{""1"": {""timestamp"": ""2024-03-01T22:40:30.000Z"", ""event_type"": ""account_creation"", ""ip_address"": null, ""client_id"": null, ""country"": null, ""subdivision"": null, ""user_agent"": null, ""successful"": true, ""error"": null, ""is_anonymous"": false, ""is_anonymous_vpn"": false, ""is_hosting_provider"": false, ""is_public_proxy"": false, ""is_residential_proxy"": false, ""is_tor_exit_node"": false, ""asn_org"": null}, ""2"": {""timestamp"": ""2024-03-01T22:40:33.068Z"", ""event_type"": ""activation"", ""ip_address"": null, ""client_id"": null, ""country"": null, ""subdivision"": null, ""user_agent"": null, ""successful"": true, ""error"": null, ""is_anonymous"": false, ""is_anonymous_vpn"": false, ""is_hosting_provider"": false, ""is_public_proxy"": false, ""is_residential_proxy"": false, ""is_tor_exit_node"": false, ""asn_org"": null}}"
7aea7da98e80f8f990b0bccedfbb500b,2024-06-23T14:49:06.000Z,active,IdsHubsHubsZingLier@glimmerpost.review,"IdsHubsSpudsLierTee@glimmerpost.review,IdsHubsTeeHubsIds@glimmerpost.review,IdsHubsPrimDimsBurns@glimmerpost.review,IdsHubsViaHomedSpuds@glimmerpost.review,PrimSpudsDims@hollowmarch.men,ZingMugElm@sablefern.racing,glasshare281@aol.com,ElmCoupsJute@duskwillow.bid,BurnsHomedSpuds@duskwillow.bid,LeaHomedMug@glimmerpost.review",IdsHubsHubsZingLier,"IdsHubsViaLierJute,IdsHubsHubsSpudsJute,IdsHubsSkreemLierHomed,IdsHubsJuteSpudsCoups,PrimSpudsDims,ZingMugElm,glasshare281,ElmCoupsJute,BurnsHomedSpuds,LeaHomedMug","{""1"": {""timestamp"": ""2024-06-23T14:49:06.000Z"", ""event_type"": ""account_creation"", ""ip_address"": null, ""client_id"": null, ""country"": null, ""subdivision"": null, ""user_agent"": null, ""successful"": true, ""error"": null, ""is_anonymous"": false, ""is_anonymous_vpn"": false, ""is_hosting_provider"": false, ""is_public_proxy"": false, ""is_residential_proxy"": false, ""is_tor_exit_node"": false, ""asn_org"": null}, ""2"": {""timestamp"": ""2024-06-23T14:49:10.842Z"", ""event_type"": ""activation"", ""ip_address"": null, ""client_id"": null, ""country"": null, ""subdivision"": null, ""user_agent"": null, ""successful"": true, ""error"": null, ""is_anonymous"": false, ""is_anonymous_vpn"": false, ""is_hosting_provider"": false, ""is_public_proxy"": false, ""is_residential_proxy"": false, ""is_tor_exit_node"": false, ""asn_org"": null}}"
df3828ccfb43e04572c37659634f59dc,2024-06-20T04:04:05.000Z,active,elmviatee@quickdrop.space,"DimsZingCoups@hollowmarch.men,marialindqvist@live.nl,mariakowalski@hotmail.com,KyatJuteTee@quillmorrow.trade,frostgoat879@aol.com,LeaLierBurns@sablefern.racing,anjavasquez15@gmx.de,ViaKyatHomed@glimmerpost.review,anjavasquez@gmx.de,LierElmPrim@tarnhollow.win",ElmViaTee,"DimsZingCoups,MariaLindqvist,MariaKowalski,KyatJuteTee,frostgoat879,LeaLierBurns,AnjaVasquez15,ViaKyatHomed,AnjaVasquez,LierElmPrim","{""1"": {""timestamp"": ""2024-03-01T22:49:22.000Z"", ""event_type"": ""account_creation"", ""ip_address"": null, ""client_id"": null, ""country"": null, ""subdivision"": null, ""user_agent"": null, ""successful"": true, ""error"": null, ""is_anonymous"": false, ""is_anonymous_vpn"": false, ""is_hosting_provider"": false, ""is_public_proxy"": false, ""is_residential_proxy"": false, ""is_tor_exit_node"": false, ""asn_org"": null}, ""2"": {""timestamp"": ""2024-03-01T22:49:33.168Z"", ""event_type"": ""activation"", ""ip_address"": null, ""client_id"": null, ""country"": null, ""subdivision"": null, ""user_agent"": null, ""successful"": true, ""error"": null, ""is_anonymous"": false, ""is_anonymous_vpn"": false, ""is_hosting_provider"": false, ""is_public_proxy"": false, ""is_residential_proxy"": false, ""is_tor_exit_node"": false, ""asn_org"": null}}"
86a9b60f7a58baf28a35cc3304607fc5,2024-11-02T06:35:47.000Z,active,chloekowalski@gmail.com,"tinvulture413@yandex.ru,ViaPrimSkreem@duskwillow.bid,noahvasquez@aol.com,chloekowalski29@outlook.com,SpudsIdsTee@hollowmarch.men,TeeJuteLier@vextrahold.faith,softkestrel658@gmx.de,MugBurnsJute@sablefern.racing,sofiabianchi22@icloud.com,softkestrel@yandex.ru",ChloeKowalski,"tinvulture413,ViaPrimSkreem,NoahVasquez,ChloeKowalski29,SpudsIdsTee,TeeJuteLier,softkestrel658,MugBurnsJute,SofiaBianchi22,softkestrel","{""1"": {""timestamp"": ""2024-03-01T06:00:34.000Z"", ""event_type"": ""account_creation"", ""ip_address"": null, ""client_id"": null, ""country"": null, ""subdivision"": null, ""user_agent"": null, ""successful"": true, ""error"": null, ""is_anonymous"": false, ""is_anonymous_vpn"": false, ""is_hosting_provider"": false, ""is_public_proxy"": false, ""is_residential_proxy"": false, ""is_tor_exit_node"": false, ""asn_org"": null}, ""2"": {""timestamp"": ""2024-03-01T19:37:38.524Z"", ""event_type"": ""activation"", ""ip_address"": null, ""client_id"": null, ""country"": null, ""subdivision"": null, ""user_agent"": null, ""successful"": true, ""error"": null, ""is_anonymous"": false, ""is_anonymous_vpn"": false, ""is_hosting_provider"": false, ""is_public_proxy"": false, ""is_residential_proxy"": false, ""is_tor_exit_node"": false, ""asn_org"": null}, ""3"": {""timestamp"": ""2024-03-04T06:00:34.000Z"", ""event_type"": ""login"", ""ip_address"": null, ""client_id"": null, ""country"": null, ""subdivision"": null, ""user_agent"": null, ""successful"": true, ""error"": null, ""is_anonymous"": false, ""is_anonymous_vpn"": false, ""is_hosting_provider"": false, ""is_public_proxy"": false, ""is_residential_proxy"": false, ""is_tor_exit_node"": false, ""asn_org"": null}}"
db80944d101f41a9bd222ec4cc924312,2024-08-17T10:58:24.000Z,active,7chfifudn8b@hollowmarch.men,"HomedKyatLea@glimmerpost.review,elenalindqvist5@hotmail.com,ElmDimsPrim@tarnhollow.win,ivannakamura86@gmail.com,HubsViaHomed@sablefern.racing,elenaahmed@gmx.de,anjanakamura72@aol.com,SkreemHubsLier@duskwillow.bid,DimsMugHomed@sablefern.racing,zarakeller25@yahoo.com",7chfifudn8b,"HomedKyatLea,ElenaLindqvist5,ElmDimsPrim,IvanNakamura86,HubsViaHomed,ElenaAhmed,AnjaNakamura72,SkreemHubsLier,DimsMugHomed,ZaraKeller25","{""1"": {""timestamp"": ""2024-03-01T16:13:12.000Z"", ""event_type"": ""account_creation"", ""ip_address"": null, ""client_id"": null, ""country"": null, ""subdivision"": null, ""user_agent"": null, ""successful"": true, ""error"": null, ""is_anonymous"": false, ""is_anonymous_vpn"": false, ""is_hosting_provider"": false, ""is_public_proxy"": false, ""is_residential_proxy"": false, ""is_tor_exit_node"": false, ""asn_org"": null}, ""2"": {""timestamp"": ""2024-03-01T16:13:18.812Z"", ""event_type"": ""activation"", ""ip_address"": null, ""client_id"": null, ""country"": null, ""subdivision"": null, ""user_agent"": null, ""successful"": true, ""error"": null, ""is_anonymous"": false, ""is_anonymous_vpn"": false, ""is_hosting_provider"": false, ""is_public_proxy"": false, ""is_residential_proxy"": false, ""is_tor_exit_node"": false, ""asn_org"": null}}"
78a0f41688822aa4cf4a0735069bd200,2024-04-03T07:05:38.000Z,active,quietmoth@outlook.com,"glasshare5@yandex.ru,pixelraven152@live.nl,noahbianchi74@icloud.com,tomasnakamura47@hotmail.co.uk,paleheron@hotmail.co.uk,ashenpike509@hotmail.co.uk,HubsKyatElm@brindlewick.loan,zaradubois29@hotmail.co.uk,MugHomedPrim@vextrahold.faith,PrimSkreemVia@tarnhollow.win",QUIETMOTH,"glasshare5,pixelraven152,NoahBianchi74,TomasNakamura47,paleheron,ashenpike509,HubsKyatElm,ZaraDubois29,MugHomedPrim,PrimSkreemVia","{""1"": {""timestamp"": ""2024-03-01T21:45:15.000Z"", ""event_type"": ""account_creation"", ""ip_address"": null, ""client_id"": null, ""country"": null, ""subdivision"": null, ""user_agent"": null, ""successful"": true, ""error"": null, ""is_anonymous"": false, ""is_anonymous_vpn"": false, ""is_hosting_provider"": false, ""is_public_proxy"": false, ""is_residential_proxy"": false, ""is_tor_exit_node"": false, ""asn_org"": null}, ""2"": {""timestamp"": ""2024-03-01T22:44:14.263Z"", ""event_type"": ""activation"", ""ip_address"": null, ""client_id"": null, ""country"": null, ""subdivision"": null, ""user_agent"": null, ""successful"": true, ""error"": null, ""is_anonymous"": false, ""is_anonymous_vpn"": false, ""is_hosting_provider"": false, ""is_public_proxy"": false, ""is_residential_proxy"": false, ""is_tor_exit_node"": false, ""asn_org"": null}, ""3"": {""timestamp"": ""2024-03-04T21:45:15.000Z"", ""event_type"": ""login"", ""ip_address"": null, ""client_id"": null, ""country"": null, ""subdivision"": null, ""user_agent"": null, ""successful"": true, ""error"": null, ""is_anonymous"": false, ""is_anonymous_vpn"": false, ""is_hosting_provider"": false, ""is_public_proxy"": false, ""is_residential_proxy"": false, ""is_tor_exit_node"": false, ""asn_org"": null}, ""4"": {""timestamp"": ""2024-03-07T21:45:15.000Z"", ""event_type"": ""login"", ""ip_address"": null, ""client_id"": null, ""country"": null, ""subdivision"": null, ""user_agent"": null, ""successful"": true, ""error"": null, ""is_anonymous"": false, ""is_anonymous_vpn"": false, ""is_hosting_provider"": false, ""is_public_proxy"": false, ""is_residential_proxy"": false, ""is_tor_exit_node"": false, ""asn_org"": null}}"
e3e29fbbd909ddce58183b526692fc2c,2025-03-08T06:10:13.000Z,awaiting-reactivation,HomedLeaElm@duskwillow.bid,"BurnsViaCoups@sablefern.racing,ZingSkreemIds@hollowmarch.men,HomedLeaTee@brindlewick.loan,JuteIdsPrim@hollowmarch.men,emberlark@icloud.com,tomasnovak@live.nl,HomedKyatTee@quillmorrow.trade,TeeBurnsVia@brindlewick.loan,BurnsHomedPrim@vextrahold.faith,frostgoat223@outlook.com",HomedLeaElm,"BurnsViaCoups,ZingSkreemIds,HomedLeaTee,JuteIdsPrim,emberlark,TomasNovak,HomedKyatTee,TeeBurnsVia,BurnsHomedPrim,frostgoat223","{""1"": {""timestamp"": ""2024-03-01T18:20:11.000Z"", ""event_type"": ""account_creation"", ""ip_address"": null, ""client_id"": null, ""country"": null, ""subdivision"": null, ""user_agent"": null, ""successful"": true, ""error"": null, ""is_anonymous"": false, ""is_anonymous_vpn"": false, ""is_hosting_provider"": false, ""is_public_proxy"": false, ""is_residential_proxy"": false, ""is_tor_exit_node"": false, ""asn_org"": null}}"
6d55dbb989c1853610b6a36dc9001fff,2025-02-21T04:51:43.000Z,active,softkestrel@gmail.com,"LierElmBurns@hollowmarch.men,sofiadubois11@yandex.ru,milookafor@gmx.de,ElmPrimZing@duskwillow.bid,ZingMugCoups@vextrahold.faith,SpudsIdsLier@duskwillow.bid,tinvulture@gmx.de,paleheron@yahoo.com,LierTeeZing@sablefern.racing,KyatZingHomed@quillmorrow.trade",softkestrel,"LierElmBurns,SofiaDubois11,MiloOkafor,ElmPrimZing,ZingMugCoups,SpudsIdsLier,tinvulture,paleheron,LierTeeZing,KyatZingHomed",{}
80f384abbbda915b41655bd140efaf93,2024-11-18T15:03:12.000Z,active,pT1424530365015@hollowmarch.men,"milokeller99@aol.com,ivannovak@icloud.com,anjaokafor46@gmx.de,milodubois79@outlook.com,tinvulture@outlook.com,MugElmZing@sablefern.racing,SpudsViaElm@brindlewick.loan,SpudsJuteBurns@brindlewick.loan,zarabianchi88@outlook.com,lukasmoreau88@outlook.com",pT1424530365015,"MiloKeller99,IvanNovak,AnjaOkafor46,MiloDubois79,tinvulture,MugElmZing,SpudsViaElm,SpudsJuteBurns,ZaraBianchi88,LukasMoreau88","{""1"": {""timestamp"": ""2024-03-01T14:54:28.000Z"", ""event_type"": ""account_creation"", ""ip_address"": null, ""client_id"": null, ""country"": null, ""subdivision"": null, ""user_agent"": null, ""successful"": true, ""error"": null, ""is_anonymous"": false, ""is_anonymous_vpn"": false, ""is_hosting_provider"": false, ""is_public_proxy"": false, ""is_residential_proxy"": false, ""is_tor_exit_node"": false, ""asn_org"": null}, ""2"": {""timestamp"": ""2024-03-01T14:54:31.024Z"", ""event_type"": ""activation"", ""ip_address"": null, ""client_id"": null, ""country"": null, ""subdivision"": null, ""user_agent"": null, ""successful"": true, ""error"": null, ""is_anonymous"": false, ""is_anonymous_vpn"": false, ""is_hosting_provider"": false, ""is_public_proxy"": false, ""is_residential_proxy"": false, ""is_tor_exit_node"": false, ""asn_org"": null}}"
5b24ee7af3b81c14a98ae9b55784db56,2025-03-23T10:23:00.000Z,active,pixelraven@live.nl,"softkestrel@hotmail.co.uk,marianovak53@hotmail.com,elenalindqvist36@icloud.com,CoupsElmZing@hollowmarch.men,tinvulture800@yandex.ru,SkreemZingSpuds@quillmorrow.trade,DimsCoupsLea@tarnhollow.win,IdsLeaPrim@sablefern.racing,ZingSkreemKyat@tarnhollow.win,paleheron106@hotmail.com",PIXELRAVEN,"softkestrel,MariaNovak53,ElenaLindqvist36,CoupsElmZing,tinvulture800,SkreemZingSpuds,DimsCoupsLea,IdsLeaPrim,ZingSkreemKyat,paleheron106","{""1"": {""timestamp"": ""2024-03-01T12:58:07.000Z"", ""event_type"": ""account_creation"", ""ip_address"": null, ""client_id"": null, ""country"": null, ""subdivision"": null, ""user_agent"": null, ""successful"": true, ""error"": null, ""is_anonymous"": false, ""is_anonymous_vpn"": false, ""is_hosting_provider"": false, ""is_public_proxy"": false, ""is_residential_proxy"": false, ""is_tor_exit_node"": false, ""asn_org"": null}, ""2"": {""timestamp"": ""2024-03-02T03:21:25.010Z"", ""event_type"": ""activation"", ""ip_address"": null, ""client_id"": null, ""country"": null, ""subdivision"": null, ""user_agent"": null, ""successful"": true, ""error"": null, ""is_anonymous"": false, ""is_anonymous_vpn"": false, ""is_hosting_provider"": false, ""is_public_proxy"": false, ""is_residential_proxy"": false, ""is_tor_exit_node"": false, ""asn_org"": null}, ""3"": {""timestamp"": ""2024-03-04T12:58:07.000Z"", ""event_type"": ""login"", ""ip_address"": null, ""client_id"": null, ""country"": null, ""subdivision"": null, ""user_agent"": null, ""successful"": true, ""error"": null, ""is_anonymous"": false, ""is_anonymous_vpn"": false, ""is_hosting_provider"": false, ""is_public_proxy"": false, ""is_residential_proxy"": false, ""is_tor_exit_node"": false, ""asn_org"": null}, ""4"": {""timestamp"": ""2024-03-07T12:58:07.000Z"", ""event_type"": ""login"", ""ip_address"": null, ""client_id"": null, ""country"": null, ""subdivision"": null, ""user_agent"": null, ""successful"": true, ""error"": null, ""is_anonymous"": false, ""is_anonymous_vpn"": false, ""is_hosting_provider"": false, ""is_public_proxy"": false, ""is_residential_proxy"": false, ""is_tor_exit_node"": false, ""asn_org"": null}}"
91bbda931706a02eb42795ea51665412,2024-05-11T07:07:19.000Z,active,emberlark471@guildgram.me,"lukasvasquez@outlook.com,ViaMugDims@tarnhollow.win,ivanmoreau@yahoo.com,LierCoupsElm@tarnhollow.win,lukasmoreau@yandex.ru,glasshare@aol.com,pedrobianchi@aol.com,emberlark@outlook.com,ViaDimsPrim@tarnhollow.win,JuteHomedCoups@hollowmarch.men",emberlark471,"LukasVasquez,ViaMugDims,IvanMoreau,LierCoupsElm,LukasMoreau,glasshare,PedroBianchi,emberlark,ViaDimsPrim,JuteHomedCoups","{""1"": {""timestamp"": ""2024-03-01T23:08:46.000Z"", ""event_type"": ""account_creation"", ""ip_address"": null, ""client_id"": null, ""country"": null, ""subdivision"": null, ""user_agent"": null, ""successful"": true, ""error"": null, ""is_anonymous"": false, ""is_anonymous_vpn"": false, ""is_hosting_provider"": false, ""is_public_proxy"": false, ""is_residential_proxy"": false, ""is_tor_exit_node"": false, ""asn_org"": null}, ""2"": {""timestamp"": ""2024-03-01T23:08:56.660Z"", ""event_type"": ""activation"", ""ip_address"": null, ""client_id"": null, ""country"": null, ""subdivision"": null, ""user_agent"": null, ""successful"": true, ""error"": null, ""is_anonymous"": false, ""is_anonymous_vpn"": false, ""is_hosting_provider"": false, ""is_public_proxy"": false, ""is_residential_proxy"": false, ""is_tor_exit_node"": false, ""asn_org"": null}}"
d7af1c1779f624083d5d884d438e2d8e,2025-03-10T11:02:27.000Z,active,paleheron173@live.nl,"mariakeller@gmail.com,PrimViaLier@glimmerpost.review,SpudsKyatSkreem@quillmorrow.trade,PrimViaZing@quillmorrow.trade,emberlark628@yandex.ru,HomedDimsLier@duskwillow.bid,SpudsTeeSkreem@brindlewick.loan,TeeKyatMug@vextrahold.faith,SpudsSkreemHomed@duskwillow.bid,pixelraven959@live.nl",paleheron173,"MariaKeller,PrimViaLier,SpudsKyatSkreem,PrimViaZing,emberlark628,HomedDimsLier,SpudsTeeSkreem,TeeKyatMug,SpudsSkreemHomed,pixelraven959","{""1"": {""timestamp"": ""2024-03-01T20:21:07.000Z"", ""event_type"": ""account_creation"", ""ip_address"": null, ""client_id"": null, ""country"": null, ""subdivision"": null, ""user_agent"": null, ""successful"": true, ""error"": null, ""is_anonymous"": false, ""is_anonymous_vpn"": false, ""is_hosting_provider"": false, ""is_public_proxy"": false, ""is_residential_proxy"": false, ""is_tor_exit_node"": false, ""asn_org"": null}, ""2"": {""timestamp"": ""2024-03-02T03:06:47.494Z"", ""event_type"": ""activation"", ""ip_address"": null, ""client_id"": null, ""country"": null, ""subdivision"": null, ""user_agent"": null, ""successful"": true, ""error"": null, ""is_anonymous"": false, ""is_anonymous_vpn"": false, ""is_hosting_provider"": false, ""is_public_proxy"": false, ""is_residential_proxy"": false, ""is_tor_exit_node"": false, ""asn_org"": null}, ""3"": {""timestamp"": ""2024-03-04T20:21:07.000Z"", ""event_type"": ""login"", ""ip_address"": null, ""client_id"": null, ""country"": null, ""subdivision"": null, ""user_agent"": null, ""successful"": true, ""error"": null, ""is_anonymous"": false, ""is_anonymous_vpn"": false, ""is_hosting_provider"": false, ""is_public_proxy"": false, ""is_residential_proxy"": false, ""is_tor_exit_node"": false, ""asn_org"": null}}"
f7bc0752954b86fe0f94124c673fad89,2024-11-21T19:15:14.000Z,active,milovasquez@outlook.com,"SpudsIdsTee@glimmerpost.review,ElmMugZing@sablefern.racing,duskotter522@outlook.com,TeeLeaBurns@glimmerpost.review,freyabianchi82@hotmail.co.uk,SkreemHubsSpuds@vextrahold.faith,milovasquez@hotmail.co.uk,PrimZingCoups@hollowmarch.men,hannahlindqvist53@gmail.com,ElmIdsMug@brindlewick.loan",MiloVasquez,"SpudsIdsTee,ElmMugZing,duskotter522,TeeLeaBurns,FreyaBianchi82,SkreemHubsSpuds,MiloVasquez,PrimZingCoups,HannahLindqvist53,ElmIdsMug","{""1"": {""timestamp"": ""2024-03-01T03:15:39.000Z"", ""event_type"": ""account_creation"", ""ip_address"": ""198.51.100.37"", ""client_id"": ""web-client"", ""country"": ""GB"", ""subdivision"": ""ENG"", ""user_agent"": ""Mozilla/5.0 (Windows NT 10.0; Win64; x64) AppleWebKit/537.36"", ""successful"": true, ""error"": null, ""is_anonymous"": false, ""is_anonymous_vpn"": false, ""is_hosting_provider"": false, ""is_public_proxy"": false, ""is_residential_proxy"": false, ""is_tor_exit_node"": false, ""asn_org"": ""Example Broadband Ltd""}, ""2"": {""timestamp"": ""2024-03-01T07:13:52.415Z"", ""event_type"": ""activation"", ""ip_address"": ""198.51.100.37"", ""client_id"": ""web-client"", ""country"": ""GB"", ""subdivision"": ""ENG"", ""user_agent"": ""Mozilla/5.0 (Windows NT 10.0; Win64; x64) AppleWebKit/537.36"", ""successful"": true, ""error"": null, ""is_anonymous"": false, ""is_anonymous_vpn"": false, ""is_hosting_provider"": false, ""is_public_proxy"": false, ""is_residential_proxy"": false, ""is_tor_exit_node"": false, ""asn_org"": ""Example Broadband Ltd""}, ""3"": {""timestamp"": ""2024-03-04T03:15:39.000Z"", ""event_type"": ""login"", ""ip_address"": ""198.51.100.37"", ""client_id"": ""web-client"", ""country"": ""GB"", ""subdivision"": ""ENG"", ""user_agent"": ""Mozilla/5.0 (Windows NT 10.0; Win64; x64) AppleWebKit/537.36"", ""successful"": true, ""error"": null, ""is_anonymous"": false, ""is_anonymous_vpn"": false, ""is_hosting_provider"": false, ""is_public_proxy"": false, ""is_residential_proxy"": false, ""is_tor_exit_node"": false, ""asn_org"": ""Example Broadband Ltd""}, ""4"": {""timestamp"": ""2024-03-07T03:15:39.000Z"", ""event_type"": ""login"", ""ip_address"": ""198.51.100.37"", ""client_id"": ""web-client"", ""country"": ""GB"", ""subdivision"": ""ENG"", ""user_agent"": ""Mozilla/5.0 (Windows NT 10.0; Win64; x64) AppleWebKit/537.36"", ""successful"": true, ""error"": null, ""is_anonymous"": false, ""is_anonymous_vpn"": false, ""is_hosting_provider"": false, ""is_public_proxy"": false, ""is_residential_proxy"": false, ""is_tor_exit_node"": false, ""asn_org"": ""Example Broadband Ltd""}}"
760509f7fec77243ac8da1825a8f2136,2024-08-26T04:41:17.000Z,active,hubszingmug@driftvolumea.club,"PrimSkreemLea@driftvolumeb.club,LierSkreemElm@driftvolumec.club,TeeBurnsCoups@driftvolumeb.club,TeeHubsBurns@driftvolumec.club,ViaIdsLea@sablefern.racing,quietmoth993@hotmail.co.uk,anjakowalski@yandex.ru,HomedCoupsJute@brindlewick.loan,MugBurnsZing@duskwillow.bid,freyakowalski@outlook.com",HubsZingMug,"JuteCoupsVia,BurnsMugCoups,HubsJuteIds,IdsJuteBurns,ViaIdsLea,quietmoth993,AnjaKowalski,HomedCoupsJute,MugBurnsZing,FreyaKowalski","{""1"": {""timestamp"": ""2024-03-01T15:57:47.000Z"", ""event_type"": ""account_creation"", ""ip_address"": null, ""client_id"": null, ""country"": null, ""subdivision"": null, ""user_agent"": null, ""successful"": true, ""error"": null, ""is_anonymous"": false, ""is_anonymous_vpn"": false, ""is_hosting_provider"": false, ""is_public_proxy"": false, ""is_residential_proxy"": false, ""is_tor_exit_node"": false, ""asn_org"": null}, ""2"": {""timestamp"": ""2024-03-01T15:57:52.892Z"", ""event_type"": ""activation"", ""ip_address"": null, ""client_id"": null, ""country"": null, ""subdivision"": null, ""user_agent"": null, ""successful"": true, ""error"": null, ""is_anonymous"": false, ""is_anonymous_vpn"": false, ""is_hosting_provider"": false, ""is_public_proxy"": false, ""is_residential_proxy"": false, ""is_tor_exit_node"": false, ""asn_org"": null}}"
7162fdfce307d0cc7206ce3f4e20645c,2024-12-30T12:32:31.000Z,active,elena-okafor@yahoo.com,"ViaJuteMug@duskwillow.bid,softkestrel818@gmx.de,TeeCoupsZing@glimmerpost.review,anjadubois@aol.com,softkestrel@live.nl,LierHubsSpuds@brindlewick.loan,ElmHubsZing@quillmorrow.trade,softkestrel657@aol.com,frostgoat@yandex.ru,ElmIdsDims@brindlewick.loan",elena-okafor,"ViaJuteMug,softkestrel818,TeeCoupsZing,AnjaDubois,softkestrel,LierHubsSpuds,ElmHubsZing,softkestrel657,frostgoat,ElmIdsDims","{""1"": {""timestamp"": ""2024-03-01T14:24:49.000Z"", ""event_type"": ""account_creation"", ""ip_address"": null, ""client_id"": null, ""country"": null, ""subdivision"": null, ""user_agent"": null, ""successful"": true, ""error"": null, ""is_anonymous"": false, ""is_anonymous_vpn"": false, ""is_hosting_provider"": false, ""is_public_proxy"": false, ""is_residential_proxy"": false, ""is_tor_exit_node"": false, ""asn_org"": null}, ""2"": {""timestamp"": ""2024-03-02T06:23:14.971Z"", ""event_type"": ""activation"", ""ip_address"": null, ""client_id"": null, ""country"": null, ""subdivision"": null, ""user_agent"": null, ""successful"": true, ""error"": null, ""is_anonymous"": false, ""is_anonymous_vpn"": false, ""is_hosting_provider"": false, ""is_public_proxy"": false, ""is_residential_proxy"": false, ""is_tor_exit_node"": false, ""asn_org"": null}}"
7afda59f170738caf91638ceddab1ea7,2025-03-25T21:40:34.000Z,active,hannahkeller33@yahoo.com,"MugZingSpuds@quillmorrow.trade,HomedLeaCoups@tarnhollow.win,BurnsSkreemIds@hollowmarch.men,emberlark@hotmail.co.uk,ashenpike819@icloud.com,CoupsSkreemLier@sablefern.racing,DimsMugIds@duskwillow.bid,HubsPrimLea@glimmerpost.review,mariaokafor16@live.nl,PrimKyatHubs@quillmorrow.trade",HannahKeller33,"MugZingSpuds,HomedLeaCoups,BurnsSkreemIds,emberlark,ashenpike819,CoupsSkreemLier,DimsMugIds,HubsPrimLea,MariaOkafor16,PrimKyatHubs","{""1"": {""timestamp"": ""2024-03-01T12:25:21.000Z"", ""event_type"": ""account_creation"", ""ip_address"": ""198.51.100.37"", ""client_id"": ""web-client"", ""country"": ""GB"", ""subdivision"": ""ENG"", ""user_agent"": ""Mozilla/5.0 (Windows NT 10.0; Win64; x64) AppleWebKit/537.36"", ""successful"": true, ""error"": null, ""is_anonymous"": false, ""is_anonymous_vpn"": false, ""is_hosting_provider"": false, ""is_public_proxy"": false, ""is_residential_proxy"": false, ""is_tor_exit_node"": false, ""asn_org"": ""Example Broadband Ltd""}, ""2"": {""timestamp"": ""2024-03-01T14:42:30.119Z"", ""event_type"": ""activation"", ""ip_address"": ""198.51.100.37"", ""client_id"": ""web-client"", ""country"": ""GB"", ""subdivision"": ""ENG"", ""user_agent"": ""Mozilla/5.0 (Windows NT 10.0; Win64; x64) AppleWebKit/537.36"", ""successful"": true, ""error"": null, ""is_anonymous"": false, ""is_anonymous_vpn"": false, ""is_hosting_provider"": false, ""is_public_proxy"": false, ""is_residential_proxy"": false, ""is_tor_exit_node"": false, ""asn_org"": ""Example Broadband Ltd""}, ""3"": {""timestamp"": ""2024-03-04T12:25:21.000Z"", ""event_type"": ""login"", ""ip_address"": ""198.51.100.37"", ""client_id"": ""web-client"", ""country"": ""GB"", ""subdivision"": ""ENG"", ""user_agent"": ""Mozilla/5.0 (Windows NT 10.0; Win64; x64) AppleWebKit/537.36"", ""successful"": true, ""error"": null, ""is_anonymous"": false, ""is_anonymous_vpn"": false, ""is_hosting_provider"": false, ""is_public_proxy"": false, ""is_residential_proxy"": false, ""is_tor_exit_node"": false, ""asn_org"": ""Example Broadband Ltd""}, ""4"": {""timestamp"": ""2024-03-07T12:25:21.000Z"", ""event_type"": ""login"", ""ip_address"": ""198.51.100.37"", ""client_id"": ""web-client"", ""country"": ""GB"", ""subdivision"": ""ENG"", ""user_agent"": ""Mozilla/5.0 (Windows NT 10.0; Win64; x64) AppleWebKit/537.36"", ""successful"": true, ""error"": null, ""is_anonymous"": false, ""is_anonymous_vpn"": false, ""is_hosting_provider"": false, ""is_public_proxy"": false, ""is_residential_proxy"": false, ""is_tor_exit_node"": false, ""asn_org"": ""Example Broadband Ltd""}}"
863ee98def432be6f0a8e64678d111c7,2024-08-23T07:19:57.000Z,active,softkestrel81@libero.it,"BurnsViaDims@sablefern.racing,CoupsPrimLier@brindlewick.loan,sofiavasquez@hotmail.com,tinvulture949@yahoo.com,ViaLeaZing@duskwillow.bid,noahvasquez69@gmx.de,SpudsHomedHubs@brindlewick.loan,elenavasquez@icloud.com,oscarokafor@outlook.com,noahdubois43@outlook.com",softkestrel81,"BurnsViaDims,CoupsPrimLier,SofiaVasquez,tinvulture949,ViaLeaZing,NoahVasquez69,SpudsHomedHubs,ElenaVasquez,OscarOkafor,NoahDubois43","{""1"": {""timestamp"": ""2024-03-01T11:08:43.000Z"", ""event_type"": ""account_creation"", ""ip_address"": null, ""client_id"": null, ""country"": null, ""subdivision"": null, ""user_agent"": null, ""successful"": true, ""error"": null, ""is_anonymous"": false, ""is_anonymous_vpn"": false, ""is_hosting_provider"": false, ""is_public_proxy"": false, ""is_residential_proxy"": false, ""is_tor_exit_node"": false, ""asn_org"": null}, ""2"": {""timestamp"": ""2024-03-01T18:39:03.293Z"", ""event_type"": ""activation"", ""ip_address"": null, ""client_id"": null, ""country"": null, ""subdivision"": null, ""user_agent"": null, ""successful"": true, ""error"": null, ""is_anonymous"": false, ""is_anonymous_vpn"": false, ""is_hosting_provider"": false, ""is_public_proxy"": false, ""is_residential_proxy"": false, ""is_tor_exit_node"": false, ""asn_org"": null}, ""3"": {""timestamp"": ""2024-03-04T11:08:43.000Z"", ""event_type"": ""login"", ""ip_address"": null, ""client_id"": null, ""country"": null, ""subdivision"": null, ""user_agent"": null, ""successful"": true, ""error"": null, ""is_anonymous"": false, ""is_anonymous_vpn"": false, ""is_hosting_provider"": false, ""is_public_proxy"": false, ""is_residential_proxy"": false, ""is_tor_exit_node"": false, ""asn_org"": null}}"
af3d0b2f83b2cf390cf0b88d2af0ad91,2024-10-12T21:32:07.000Z,active,ky4tv14jut3@vextrahold.faith,"IdsLeaSpuds@brindlewick.loan,mariakowalski@gmail.com,BurnsElmSkreem@tarnhollow.win,CoupsZingIds@vextrahold.faith,ivanmoreau58@aol.com,ElmMugDims@glimmerpost.review,TeePrimSkreem@glimmerpost.review,elenakowalski93@hotmail.co.uk,LierHubsPrim@glimmerpost.review,noahkeller@yahoo.com",Ky4tV14Jut3,"IdsLeaSpuds,MariaKowalski,BurnsElmSkreem,CoupsZingIds,IvanMoreau58,ElmMugDims,TeePrimSkreem,ElenaKowalski93,LierHubsPrim,NoahKeller","{""1"": {""timestamp"": ""2024-03-01T23:23:17.000Z"", ""event_type"": ""account_creation"", ""ip_address"": null, ""client_id"": null, ""country"": null, ""subdivision"": null, ""user_agent"": null, ""successful"": true, ""error"": null, ""is_anonymous"": false, ""is_anonymous_vpn"": false, ""is_hosting_provider"": false, ""is_public_proxy"": false, ""is_residential_proxy"": false, ""is_tor_exit_node"": false, ""asn_org"": null}, ""2"": {""timestamp"": ""2024-03-01T23:23:28.926Z"", ""event_type"": ""activation"", ""ip_address"": null, ""client_id"": null, ""country"": null, ""subdivision"": null, ""user_agent"": null, ""successful"": true, ""error"": null, ""is_anonymous"": false, ""is_anonymous_vpn"": false, ""is_hosting_provider"": false, ""is_public_proxy"": false, ""is_residential_proxy"": false, ""is_tor_exit_node"": false, ""asn_org"": null}}"
8527988daa5ed2f9b02fcea496370dc7,2024-11-04T12:26:51.000Z,active,quietmoth@outlook.com,"anjasilva@gmail.com,IdsBurnsVia@hollowmarch.men,CoupsJuteTee@vextrahold.faith,TeeJuteZing@vextrahold.faith,LierSkreemSpuds@sablefern.racing,KyatViaIds@tarnhollow.win,LeaHomedKyat@glimmerpost.review,glasshare@aol.com,LierCoupsDims@duskwillow.bid,ElmHomedLier@quillmorrow.trade",quietmoth,"AnjaSilva,IdsBurnsVia,CoupsJuteTee,TeeJuteZing,LierSkreemSpuds,KyatViaIds,LeaHomedKyat,glasshare,LierCoupsDims,ElmHomedLier","{""1"": {""timestamp"": ""2024-03-01T19:23:03.000Z"", ""event_type"": ""account_creation"", ""ip_address"": null, ""client_id"": null, ""country"": null, ""subdivision"": null, ""user_agent"": null, ""successful"": true, ""error"": null, ""is_anonymous"": false, ""is_anonymous_vpn"": false, ""is_hosting_provider"": false, ""is_public_proxy"": false, ""is_residential_proxy"": false, ""is_tor_exit_node"": false, ""asn_org"": null}, ""2"": {""timestamp"": ""2024-03-02T05:59:34.595Z"", ""event_type"": ""activation"", ""ip_address"": null, ""client_id"": null, ""country"": null, ""subdivision"": null, ""user_agent"": null, ""successful"": true, ""error"": null, ""is_anonymous"": false, ""is_anonymous_vpn"": false, ""is_hosting_provider"": false, ""is_public_proxy"": false, ""is_residential_proxy"": false, ""is_tor_exit_node"": false, ""asn_org"": null}}"
944f8c79f79bb90b841d5dcd04a1f51f,2024-03-03T14:30:29.000Z,awaiting-activation,noahmoreau@icloud.com,"KyatPrimHubs@quillmorrow.trade,IdsJuteZing@quillmorrow.trade,HubsKyatPrim@quillmorrow.trade,DimsViaBurns@tarnhollow.win,JuteSpudsHubs@brindlewick.loan,SkreemCoupsJute@tarnhollow.win,MugSkreemBurns@brindlewick.loan,JuteLeaHubs@tarnhollow.win,SkreemPrimBurns@hollowmarch.men,paleheron800@icloud.com",NoahMoreau,"KyatPrimHubs,IdsJuteZing,HubsKyatPrim,DimsViaBurns,JuteSpudsHubs,SkreemCoupsJute,MugSkreemBurns,JuteLeaHubs,SkreemPrimBurns,paleheron800","{""1"": {""timestamp"": ""2024-03-01T10:48:33.000Z"", ""event_type"": ""account_creation"", ""ip_address"": null, ""client_id"": null, ""country"": null, ""subdivision"": null, ""user_agent"": null, ""successful"": true, ""error"": null, ""is_anonymous"": false, ""is_anonymous_vpn"": false, ""is_hosting_provider"": false, ""is_public_proxy"": false, ""is_residential_proxy"": false, ""is_tor_exit_node"": false, ""asn_org"": null}}"
f4fcc51849869ed2579571f341615618,2024-03-05T21:53:44.000Z,active,pT1435181590689@duskwillow.bid,"tinvulture808@gmx.de,elenaahmed9@icloud.com,DimsBurnsSkreem@tarnhollow.win,tinvulture586@hotmail.com,noahahmed33@yahoo.com,HomedHubsMug@sablefern.racing,pixelraven200@gmail.com,HomedKyatIds@sablefern.racing,tomassilva@hotmail.co.uk,JuteDimsMug@hollowmarch.men",pT1435181590689,"tinvulture808,ElenaAhmed9,DimsBurnsSkreem,tinvulture586,NoahAhmed33,HomedHubsMug,pixelraven200,HomedKyatIds,TomasSilva,JuteDimsMug","{""1"": {""timestamp"": ""2024-03-01T16:23:18.000Z"", ""event_type"": ""account_creation"", ""ip_address"": null, ""client_id"": null, ""country"": null, ""subdivision"": null, ""user_agent"": null, ""successful"": true, ""error"": null, ""is_anonymous"": false, ""is_anonymous_vpn"": false, ""is_hosting_provider"": false, ""is_public_proxy"": false, ""is_residential_proxy"": false, ""is_tor_exit_node"": false, ""asn_org"": null}, ""2"": {""timestamp"": ""2024-03-01T16:23:19.642Z"", ""event_type"": ""activation"", ""ip_address"": null, ""client_id"": null, ""country"": null, ""subdivision"": null, ""user_agent"": null, ""successful"": true, ""error"": null, ""is_anonymous"": false, ""is_anonymous_vpn"": false, ""is_hosting_provider"": false, ""is_public_proxy"": false, ""is_residential_proxy"": false, ""is_tor_exit_node"": false, ""asn_org"": null}}"
07699ecc1bbb9fe45e66526e4b5b8e3e,2025-01-28T16:54:16.000Z,active,d1m5pr1mskr33m@vextrahold.faith,"ElmZingIds@brindlewick.loan,DimsZingIds@hollowmarch.men,BurnsKyatZing@tarnhollow.win,IdsSkreemLier@hollowmarch.men,quietmoth243@live.nl,sofiakowalski86@gmail.com,LeaPrimIds@quillmorrow.trade,frostgoat@yandex.ru,SpudsIdsJute@sablefern.racing,frostgoat@gmail.com",D1m5Pr1mSkr33m,"ElmZingIds,DimsZingIds,BurnsKyatZing,IdsSkreemLier,quietmoth243,SofiaKowalski86,LeaPrimIds,frostgoat,SpudsIdsJute,frostgoat","{""1"": {""timestamp"": ""2024-03-01T11:24:11.000Z"", ""event_type"": ""account_creation"", ""ip_address"": null, ""client_id"": null, ""country"": null, ""subdivision"": null, ""user_agent"": null, ""successful"": true, ""error"": null, ""is_anonymous"": false, ""is_anonymous_vpn"": false, ""is_hosting_provider"": false, ""is_public_proxy"": false, ""is_residential_proxy"": false, ""is_tor_exit_node"": false, ""asn_org"": null}, ""2"": {""timestamp"": ""2024-03-01T11:24:26.091Z"", ""event_type"": ""activation"", ""ip_address"": null, ""client_id"": null, ""country"": null, ""subdivision"": null, ""user_agent"": null, ""successful"": true, ""error"": null, ""is_anonymous"": false, ""is_anonymous_vpn"": false, ""is_hosting_provider"": false, ""is_public_proxy"": false, ""is_residential_proxy"": false, ""is_tor_exit_node"": false, ""asn_org"": null}}"
e965d45a533713c0e518e7ae24f1aefc,2024-11-09T17:58:16.000Z,active,james_novak@gmx.de,"tinvulture673@live.nl,anjasilva@live.nl,softkestrel531@aol.com,BurnsJutePrim@glimmerpost.review,CoupsElmLea@hollowmarch.men,TeeKyatSkreem@quillmorrow.trade,ZingBurnsLier@vextrahold.faith,CoupsViaIds@glimmerpost.review,quietmoth194@icloud.com,emberlark@outlook.com",james_novak,"tinvulture673,AnjaSilva,softkestrel531,BurnsJutePrim,CoupsElmLea,TeeKyatSkreem,ZingBurnsLier,CoupsViaIds,quietmoth194,emberlark","{""1"": {""timestamp"": ""2024-03-01T05:26:03.000Z"", ""event_type"": ""account_creation"", ""ip_address"": null, ""client_id"": null, ""country"": null, ""subdivision"": null, ""user_agent"": null, ""successful"": true, ""error"": null, ""is_anonymous"": false, ""is_anonymous_vpn"": false, ""is_hosting_provider"": false, ""is_public_proxy"": false, ""is_residential_proxy"": false, ""is_tor_exit_node"": false, ""asn_org"": null}, ""2"": {""timestamp"": ""2024-03-01T12:29:03.799Z"", ""event_type"": ""activation"", ""ip_address"": null, ""client_id"": null, ""country"": null, ""subdivision"": null, ""user_agent"": null, ""successful"": true, ""error"": null, ""is_anonymous"": false, ""is_anonymous_vpn"": false, ""is_hosting_provider"": false, ""is_public_proxy"": false, ""is_residential_proxy"": false, ""is_tor_exit_node"": false, ""asn_org"": null}}"
373ecc22b973262781f072a15eae3bd6,2024-07-31T20:52:11.000Z,active,zaraokafor20@yahoo.com,"TeeJuteIds@brindlewick.loan,chloeokafor@gmail.com,SpudsCoupsJute@glimmerpost.review,ashenpike523@gmx.de,emberlark@gmx.de,IdsHubsVia@tarnhollow.win,HubsDimsMug@quillmorrow.trade,HubsSkreemJute@vextrahold.faith,zaramoreau@yandex.ru,oscarnakamura80@icloud.com",ZaraOkafor20,"TeeJuteIds,ChloeOkafor,SpudsCoupsJute,ashenpike523,emberlark,IdsHubsVia,HubsDimsMug,HubsSkreemJute,ZaraMoreau,OscarNakamura80","{""1"": {""timestamp"": ""2024-03-01T05:34:38.000Z"", ""event_type"": ""account_creation"", ""ip_address"": null, ""client_id"": null, ""country"": null, ""subdivision"": null, ""user_agent"": null, ""successful"": true, ""error"": null, ""is_anonymous"": false, ""is_anonymous_vpn"": false, ""is_hosting_provider"": false, ""is_public_proxy"": false, ""is_residential_proxy"": false, ""is_tor_exit_node"": false, ""asn_org"": null}, ""2"": {""timestamp"": ""2024-03-01T16:12:40.476Z"", ""event_type"": ""activation"", ""ip_address"": null, ""client_id"": null, ""country"": null, ""subdivision"": null, ""user_agent"": null, ""successful"": true, ""error"": null, ""is_anonymous"": false, ""is_anonymous_vpn"": false, ""is_hosting_provider"": false, ""is_public_proxy"": false, ""is_residential_proxy"": false, ""is_tor_exit_node"": false, ""asn_org"": null}, ""3"": {""timestamp"": ""2024-03-04T05:34:38.000Z"", ""event_type"": ""login"", ""ip_address"": null, ""client_id"": null, ""country"": null, ""subdivision"": null, ""user_agent"": null, ""successful"": true, ""error"": null, ""is_anonymous"": false, ""is_anonymous_vpn"": false, ""is_hosting_provider"": false, ""is_public_proxy"": false, ""is_residential_proxy"": false, ""is_tor_exit_node"": false, ""asn_org"": null}, ""4"": {""timestamp"": ""2024-03-07T05:34:38.000Z"", ""event_type"": ""login"", ""ip_address"": null, ""client_id"": null, ""country"": null, ""subdivision"": null, ""user_agent"": null, ""successful"": true, ""error"": null, ""is_anonymous"": false, ""is_anonymous_vpn"": false, ""is_hosting_provider"": false, ""is_public_proxy"": false, ""is_residential_proxy"": false, ""is_tor_exit_node"": false, ""asn_org"": null}}"
22b4237e5bfd5103712d80afed0426e6,2024-05-29T05:06:25.000Z,active,pixelraven180@yandex.ru,"softkestrel449@live.nl,ZingHomedLea@vextrahold.faith,ashenpike@hotmail.com,LierDimsVia@glimmerpost.review,LeaSkreemMug@brindlewick.loan,JuteElmHomed@quillmorrow.trade,quietmoth@gmx.de,CoupsLeaElm@quillmorrow.trade,ViaZingMug@brindlewick.loan,ivanahmed@yandex.ru",Pixelraven180,"softkestrel449,ZingHomedLea,ashenpike,LierDimsVia,LeaSkreemMug,JuteElmHomed,quietmoth,CoupsLeaElm,ViaZingMug,IvanAhmed","{""1"": {""timestamp"": ""2024-03-01T19:02:56.000Z"", ""event_type"": ""account_creation"", ""ip_address"": null, ""client_id"": null, ""country"": null, ""subdivision"": null, ""user_agent"": null, ""successful"": true, ""error"": null, ""is_anonymous"": false, ""is_anonymous_vpn"": false, ""is_hosting_provider"": false, ""is_public_proxy"": false, ""is_residential_proxy"": false, ""is_tor_exit_node"": false, ""asn_org"": null}, ""2"": {""timestamp"": ""2024-03-01T19:02:59.014Z"", ""event_type"": ""activation"", ""ip_address"": null, ""client_id"": null, ""country"": null, ""subdivision"": null, ""user_agent"": null, ""successful"": true, ""error"": null, ""is_anonymous"": false, ""is_anonymous_vpn"": false, ""is_hosting_provider"": false, ""is_public_proxy"": false, ""is_residential_proxy"": false, ""is_tor_exit_node"": false, ""asn_org"": null}}"
f92ca189aec7460626103fa8227f9bb3,2024-05-30T10:16:27.000Z,active,tomasvasquez@hotmail.com,"pedronovak@gmx.de,MugLierPrim@glimmerpost.review,TeeKyatZing@hollowmarch.men,SkreemPrimMug@sablefern.racing,ashenpike@hotmail.com,HubsViaElm@duskwillow.bid,pedronakamura16@yahoo.com,LeaViaPrim@sablefern.racing,BurnsSpudsSkreem@hollowmarch.men,JuteCoupsDims@hollowmarch.men",TomasVasquez,"PedroNovak,MugLierPrim,TeeKyatZing,SkreemPrimMug,ashenpike,HubsViaElm,PedroNakamura16,LeaViaPrim,BurnsSpudsSkreem,JuteCoupsDims","{""1"": {""timestamp"": ""2024-03-01T07:17:06.000Z"", ""event_type"": ""account_creation"", ""ip_address"": null, ""client_id"": null, ""country"": null, ""subdivision"": null, ""user_agent"": null, ""successful"": true, ""error"": null, ""is_anonymous"": false, ""is_anonymous_vpn"": false, ""is_hosting_provider"": false, ""is_public_proxy"": false, ""is_residential_proxy"": false, ""is_tor_exit_node"": false, ""asn_org"": null}, ""2"": {""timestamp"": ""2024-03-01T17:09:52.281Z"", ""event_type"": ""activation"", ""ip_address"": null, ""client_id"": null, ""country"": null, ""subdivision"": null, ""user_agent"": null, ""successful"": true, ""error"": null, ""is_anonymous"": false, ""is_anonymous_vpn"": false, ""is_hosting_provider"": false, ""is_public_proxy"": false, ""is_residential_proxy"": false, ""is_tor_exit_node"": false, ""asn_org"": null}, ""3"": {""timestamp"": ""2024-03-04T07:17:06.000Z"", ""event_type"": ""login"", ""ip_address"": null, ""client_id"": null, ""country"": null, ""subdivision"": null, ""user_agent"": null, ""successful"": true, ""error"": null, ""is_anonymous"": false, ""is_anonymous_vpn"": false, ""is_hosting_provider"": false, ""is_public_proxy"": false, ""is_residential_proxy"": false, ""is_tor_exit_node"": false, ""asn_org"": null}, ""4"": {""timestamp"": ""2024-03-07T07:17:06.000Z"", ""event_type"": ""login"", ""ip_address"": null, ""client_id"": null, ""country"": null, ""subdivision"": null, ""user_agent"": null, ""successful"": true, ""error"": null, ""is_anonymous"": false, ""is_anonymous_vpn"": false, ""is_hosting_provider"": false, ""is_public_proxy"": false, ""is_residential_proxy"": false, ""is_tor_exit_node"": false, ""asn_org"": null}, ""5"": {""timestamp"": ""2024-03-10T07:17:06.000Z"", ""event_type"": ""login"", ""ip_address"": null, ""client_id"": null, ""country"": null, ""subdivision"": null, ""user_agent"": null, ""successful"": true, ""error"": null, ""is_anonymous"": false, ""is_anonymous_vpn"": false, ""is_hosting_provider"": false, ""is_public_proxy"": false, ""is_residential_proxy"": false, ""is_tor_exit_node"": false, ""asn_org"": null}}"
da7d9e86ad84e27b96384f41faf06846,2025-03-23T00:01:57.000Z,active,8meb5b56wrat@privaterelay.appleid.com,"SkreemViaBurns@hollowmarch.men,SpudsSkreemPrim@glimmerpost.review,PrimTeeVia@sablefern.racing,HubsLierIds@brindlewick.loan,SkreemMugVia@glimmerpost.review,SpudsJuteBurns@sablefern.racing,glasshare965@live.nl,ZingMugTee@sablefern.racing,TeeHomedZing@quillmorrow.trade,LeaSpudsJute@hollowmarch.men",OscarVasquez,"SkreemViaBurns,SpudsSkreemPrim,PrimTeeVia,HubsLierIds,SkreemMugVia,SpudsJuteBurns,glasshare965,ZingMugTee,TeeHomedZing,LeaSpudsJute","{""1"": {""timestamp"": ""2024-03-01T03:43:27.000Z"", ""event_type"": ""account_creation"", ""ip_address"": null, ""client_id"": null, ""country"": null, ""subdivision"": null, ""user_agent"": null, ""successful"": true, ""error"": null, ""is_anonymous"": false, ""is_anonymous_vpn"": false, ""is_hosting_provider"": false, ""is_public_proxy"": false, ""is_residential_proxy"": false, ""is_tor_exit_node"": false, ""asn_org"": null}, ""2"": {""timestamp"": ""2024-03-01T06:48:37.967Z"", ""event_type"": ""activation"", ""ip_address"": null, ""client_id"": null, ""country"": null, ""subdivision"": null, ""user_agent"": null, ""successful"": true, ""error"": null, ""is_anonymous"": false, ""is_anonymous_vpn"": false, ""is_hosting_provider"": false, ""is_public_proxy"": false, ""is_residential_proxy"": false, ""is_tor_exit_node"": false, ""asn_org"": null}}"
ca2aba2750b1f69d91890b9b6dbde087,2025-02-21T21:27:12.000Z,active,oscarbianchi87@yandex.ru,"pixelraven290@gmail.com,pixelraven879@yahoo.com,frostgoat@yahoo.com,ivankeller69@live.nl,ViaLierPrim@sablefern.racing,ElmJuteSpuds@brindlewick.loan,oscarkowalski10@hotmail.com,glasshare575@live.nl,softkestrel@gmx.de,noahkeller52@icloud.com",OscarBianchi87,"pixelraven290,pixelraven879,frostgoat,IvanKeller69,ViaLierPrim,ElmJuteSpuds,OscarKowalski10,glasshare575,softkestrel,NoahKeller52","{""1"": {""timestamp"": ""2024-03-01T05:56:28.000Z"", ""event_type"": ""account_creation"", ""ip_address"": null, ""client_id"": null, ""country"": null, ""subdivision"": null, ""user_agent"": null, ""successful"": true, ""error"": null, ""is_anonymous"": false, ""is_anonymous_vpn"": false, ""is_hosting_provider"": false, ""is_public_proxy"": false, ""is_residential_proxy"": false, ""is_tor_exit_node"": false, ""asn_org"": null}, ""2"": {""timestamp"": ""2024-03-02T02:56:27.180Z"", ""event_type"": ""activation"", ""ip_address"": null, ""client_id"": null, ""country"": null, ""subdivision"": null, ""user_agent"": null, ""successful"": true, ""error"": null, ""is_anonymous"": false, ""is_anonymous_vpn"": false, ""is_hosting_provider"": false, ""is_public_proxy"": false, ""is_residential_proxy"": false, ""is_tor_exit_node"": false, ""asn_org"": null}, ""3"": {""timestamp"": ""2024-03-04T05:56:28.000Z"", ""event_type"": ""login"", ""ip_address"": null, ""client_id"": null, ""country"": null, ""subdivision"": null, ""user_agent"": null, ""successful"": true, ""error"": null, ""is_anonymous"": false, ""is_anonymous_vpn"": false, ""is_hosting_provider"": false, ""is_public_proxy"": false, ""is_residential_proxy"": false, ""is_tor_exit_node"": false, ""asn_org"": null}}"
ebd454935324639585107bcb20ee5e36,2024-11-25T01:45:05.000Z,active,anja.novak@hotmail.com,"PrimViaDims@glimmerpost.review,oscarlindqvist39@icloud.com,zaramoreau47@hotmail.co.uk,quietmoth266@gmx.de,softkestrel52@aol.com,sofiaahmed@gmail.com,hannahokafor8@hotmail.co.uk,mariabianchi16@outlook.com,oscarbianchi@yandex.ru,glasshare637@gmail.com",anja.novak,"PrimViaDims,OscarLindqvist39,ZaraMoreau47,quietmoth266,softkestrel52,SofiaAhmed,HannahOkafor8,MariaBianchi16,OscarBianchi,glasshare637","{""1"": {""timestamp"": ""2024-03-01T04:22:25.000Z"", ""event_type"": ""account_creation"", ""ip_address"": null, ""client_id"": null, ""country"": null, ""subdivision"": null, ""user_agent"": null, ""successful"": true, ""error"": null, ""is_anonymous"": false, ""is_anonymous_vpn"": false, ""is_hosting_provider"": false, ""is_public_proxy"": false, ""is_residential_proxy"": false, ""is_tor_exit_node"": false, ""asn_org"": null}, ""2"": {""timestamp"": ""2024-03-02T09:23:13.339Z"", ""event_type"": ""activation"", ""ip_address"": null, ""client_id"": null, ""country"": null, ""subdivision"": null, ""user_agent"": null, ""successful"": true, ""error"": null, ""is_anonymous"": false, ""is_anonymous_vpn"": false, ""is_hosting_provider"": false, ""is_public_proxy"": false, ""is_residential_proxy"": false, ""is_tor_exit_node"": false, ""asn_org"": null}}"
c350e68f2edaca46cd6c2d55015df47f,2024-04-17T00:44:58.000Z,active,duskotter836@telenet.be,"LierLeaKyat@vextrahold.faith,milokowalski@aol.com,KyatLierIds@sablefern.racing,marianakamura51@icloud.com,ViaElmBurns@brindlewick.loan,CoupsLierSkreem@sablefern.racing,zarabianchi68@yahoo.com,ElmJuteVia@tarnhollow.win,frostgoat@yandex.ru,HomedKyatPrim@hollowmarch.men",duskotter836,"LierLeaKyat,MiloKowalski,KyatLierIds,MariaNakamura51,ViaElmBurns,CoupsLierSkreem,ZaraBianchi68,ElmJuteVia,frostgoat,HomedKyatPrim","{""1"": {""timestamp"": ""2024-03-01T05:43:08.000Z"", ""event_type"": ""account_creation"", ""ip_address"": null, ""client_id"": null, ""country"": null, ""subdivision"": null, ""user_agent"": null, ""successful"": true, ""error"": null, ""is_anonymous"": false, ""is_anonymous_vpn"": false, ""is_hosting_provider"": false, ""is_public_proxy"": false, ""is_residential_proxy"": false, ""is_tor_exit_node"": false, ""asn_org"": null}, ""2"": {""timestamp"": ""2024-03-01T17:16:07.027Z"", ""event_type"": ""activation"", ""ip_address"": null, ""client_id"": null, ""country"": null, ""subdivision"": null, ""user_agent"": null, ""successful"": true, ""error"": null, ""is_anonymous"": false, ""is_anonymous_vpn"": false, ""is_hosting_provider"": false, ""is_public_proxy"": false, ""is_residential_proxy"": false, ""is_tor_exit_node"": false, ""asn_org"": null}, ""3"": {""timestamp"": ""2024-03-04T05:43:08.000Z"", ""event_type"": ""login"", ""ip_address"": null, ""client_id"": null, ""country"": null, ""subdivision"": null, ""user_agent"": null, ""successful"": true, ""error"": null, ""is_anonymous"": false, ""is_anonymous_vpn"": false, ""is_hosting_provider"": false, ""is_public_proxy"": false, ""is_residential_proxy"": false, ""is_tor_exit_node"": false, ""asn_org"": null}}"
e0eaf577f6f1ba05caa67d7644ae6276,2024-04-06T10:36:17.000Z,active,noahvasquez@hotmail.co.uk,"LeaBurnsSkreem@sablefern.racing,ZingElmMug@vextrahold.faith,PrimElmKyat@hollowmarch.men,tinvulture360@yandex.ru,duskotter@hotmail.co.uk,LierDimsHubs@quillmorrow.trade,BurnsElmSkreem@sablefern.racing,elenalindqvist76@icloud.com,jamesnakamura@yandex.ru,oscarbianchi@outlook.com",NoahVasquez,"LeaBurnsSkreem,ZingElmMug,PrimElmKyat,tinvulture360,duskotter,LierDimsHubs,BurnsElmSkreem,ElenaLindqvist76,JamesNakamura,OscarBianchi","{""1"": {""timestamp"": ""2024-03-01T16:28:26.000Z"", ""event_type"": ""account_creation"", ""ip_address"": null, ""client_id"": null, ""country"": null, ""subdivision"": null, ""user_agent"": null, ""successful"": true, ""error"": null, ""is_anonymous"": false, ""is_anonymous_vpn"": false, ""is_hosting_provider"": false, ""is_public_proxy"": false, ""is_residential_proxy"": false, ""is_tor_exit_node"": false, ""asn_org"": null}, ""2"": {""timestamp"": ""2024-03-02T00:40:07.220Z"", ""event_type"": ""activation"", ""ip_address"": null, ""client_id"": null, ""country"": null, ""subdivision"": null, ""user_agent"": null, ""successful"": true, ""error"": null, ""is_anonymous"": false, ""is_anonymous_vpn"": false, ""is_hosting_provider"": false, ""is_public_proxy"": false, ""is_residential_proxy"": false, ""is_tor_exit_node"": false, ""asn_org"": null}, ""3"": {""timestamp"": ""2024-03-04T16:28:26.000Z"", ""event_type"": ""login"", ""ip_address"": null, ""client_id"": null, ""country"": null, ""subdivision"": null, ""user_agent"": null, ""successful"": true, ""error"": null, ""is_anonymous"": false, ""is_anonymous_vpn"": false, ""is_hosting_provider"": false, ""is_public_proxy"": false, ""is_residential_proxy"": false, ""is_tor_exit_node"": false, ""asn_org"": null}, ""4"": {""timestamp"": ""2024-03-07T16:28:26.000Z"", ""event_type"": ""login"", ""ip_address"": null, ""client_id"": null, ""country"": null, ""subdivision"": null, ""user_agent"": null, ""successful"": true, ""error"": null, ""is_anonymous"": false, ""is_anonymous_vpn"": false, ""is_hosting_provider"": false, ""is_public_proxy"": false, ""is_residential_proxy"": false, ""is_tor_exit_node"": false, ""asn_org"": null}}"
fdd56bd1e7f551a32e32e3e595f0935e,2024-03-01T09:19:01.000Z,active,pT1448885236823@brindlewick.loan,"MugCoupsDims@hollowmarch.men,LeaMugBurns@brindlewick.loan,pedrolindqvist@live.nl,SkreemCoupsLier@hollowmarch.men,LeaJuteSkreem@duskwillow.bid,DimsTeeZing@hollowmarch.men,lukaskowalski56@icloud.com,LierKyatVia@vextrahold.faith,JuteKyatBurns@duskwillow.bid,anjabianchi@hotmail.com",pT1448885236823,"MugCoupsDims,LeaMugBurns,PedroLindqvist,SkreemCoupsLier,LeaJuteSkreem,DimsTeeZing,LukasKowalski56,LierKyatVia,JuteKyatBurns,AnjaBianchi","{""1"": {""timestamp"": ""2024-03-01T13:22:50.000Z"", ""event_type"": ""account_creation"", ""ip_address"": null, ""client_id"": null, ""country"": null, ""subdivision"": null, ""user_agent"": null, ""successful"": true, ""error"": null, ""is_anonymous"": false, ""is_anonymous_vpn"": false, ""is_hosting_provider"": false, ""is_public_proxy"": false, ""is_residential_proxy"": false, ""is_tor_exit_node"": false, ""asn_org"": null}, ""2"": {""timestamp"": ""2024-03-01T13:22:51.868Z"", ""event_type"": ""activation"", ""ip_address"": null, ""client_id"": null, ""country"": null, ""subdivision"": null, ""user_agent"": null, ""successful"": true, ""error"": null, ""is_anonymous"": false, ""is_anonymous_vpn"": false, ""is_hosting_provider"": false, ""is_public_proxy"": false, ""is_residential_proxy"": false, ""is_tor_exit_node"": false, ""asn_org"": null}}"
e7a9c346c6bbe94c92e1e2dbf9832dcb,2024-04-21T17:18:27.000Z,active,PrimTeeCoupsElmMug@glimmerpost.review,"PrimTeeMugDimsBurns@glimmerpost.review,PrimTeeHubsLierKyat@glimmerpost.review,PrimTeePrimElmHomed@glimmerpost.review,PrimTeeMugLierBurns@glimmerpost.review,ZingLeaIds@glimmerpost.review,JuteHomedZing@hollowmarch.men,JuteHomedElm@sablefern.racing,oscardubois@aol.com,duskotter51@live.nl,ElmPrimTee@tarnhollow.win",PrimTeeCoupsElmMug,"PrimTeeLeaZingHomed,PrimTeeDimsSpudsElm,PrimTeeMugSkreemElm,PrimTeeKyatLierZing,ZingLeaIds,JuteHomedZing,JuteHomedElm,OscarDubois,duskotter51,ElmPrimTee","{""1"": {""timestamp"": ""2024-04-21T17:18:27.000Z"", ""event_type"": ""account_creation"", ""ip_address"": null, ""client_id"": null, ""country"": null, ""subdivision"": null, ""user_agent"": null, ""successful"": true, ""error"": null, ""is_anonymous"": false, ""is_anonymous_vpn"": false, ""is_hosting_provider"": false, ""is_public_proxy"": false, ""is_residential_proxy"": false, ""is_tor_exit_node"": false, ""asn_org"": null}, ""2"": {""timestamp"": ""2024-04-21T17:18:32.242Z"", ""event_type"": ""activation"", ""ip_address"": null, ""client_id"": null, ""country"": null, ""subdivision"": null, ""user_agent"": null, ""successful"": true, ""error"": null, ""is_anonymous"": false, ""is_anonymous_vpn"": false, ""is_hosting_provider"": false, ""is_public_proxy"": false, ""is_residential_proxy"": false, ""is_tor_exit_node"": false, ""asn_org"": null}}"
90541dd63d487f0730ca206b03dbb40d,2024-04-01T18:54:19.000Z,active,cqhmjnpvd@tarnhollow.win,"BurnsLeaLier@glimmerpost.review,pedronovak@hotmail.co.uk,SpudsTeeSkreem@sablefern.racing,paleheron@gmail.com,JuteViaMug@brindlewick.loan,HubsLeaPrim@brindlewick.loan,HubsTeeElm@glimmerpost.review,SpudsCoupsZing@vextrahold.faith,IdsBurnsJute@quillmorrow.trade,HubsSkreemHomed@brindlewick.loan",cqhmjnpvd,"BurnsLeaLier,PedroNovak,SpudsTeeSkreem,paleheron,JuteViaMug,HubsLeaPrim,HubsTeeElm,SpudsCoupsZing,IdsBurnsJute,HubsSkreemHomed","{""1"": {""timestamp"": ""2024-03-01T07:27:46.000Z"", ""event_type"": ""account_creation"", ""ip_address"": null, ""client_id"": null, ""country"": null, ""subdivision"": null, ""user_agent"": null, ""successful"": true, ""error"": null, ""is_anonymous"": false, ""is_anonymous_vpn"": false, ""is_hosting_provider"": false, ""is_public_proxy"": false, ""is_residential_proxy"": false, ""is_tor_exit_node"": false, ""asn_org"": null}, ""2"": {""timestamp"": ""2024-03-01T07:27:54.950Z"", ""event_type"": ""activation"", ""ip_address"": null, ""client_id"": null, ""country"": null, ""subdivision"": null, ""user_agent"": null, ""successful"": true, ""error"": null, ""is_anonymous"": false, ""is_anonymous_vpn"": false, ""is_hosting_provider"": false, ""is_public_proxy"": false, ""is_residential_proxy"": false, ""is_tor_exit_node"": false, ""asn_org"": null}}"
b67e4f7cd6bfe60310db16d2857fcd97,2025-03-17T04:46:41.000Z,active,primkyatids@tarnhollow.win,"freyakowalski@outlook.com,duskotter@yandex.ru,IdsHomedLea@quillmorrow.trade,JuteDimsElm@vextrahold.faith,HubsElmLier@glimmerpost.review,frostgoat640@icloud.com,KyatViaCoups@hollowmarch.men,HomedLeaSkreem@tarnhollow.win,SpudsHomedPrim@glimmerpost.review,pedronovak41@icloud.com",PrimKyatIds,"FreyaKowalski,duskotter,IdsHomedLea,JuteDimsElm,HubsElmLier,frostgoat640,KyatViaCoups,HomedLeaSkreem,SpudsHomedPrim,PedroNovak41","{""1"": {""timestamp"": ""2024-03-01T19:45:14.000Z"", ""event_type"": ""account_creation"", ""ip_address"": ""198.51.100.37"", ""client_id"": ""web-client"", ""country"": ""NL"", ""subdivision"": ""ENG"", ""user_agent"": ""Mozilla/5.0 (Windows NT 10.0; Win64; x64) AppleWebKit/537.36"", ""successful"": true, ""error"": null, ""is_anonymous"": false, ""is_anonymous_vpn"": true, ""is_hosting_provider"": true, ""is_public_proxy"": false, ""is_residential_proxy"": false, ""is_tor_exit_node"": false, ""asn_org"": ""Example Hosting BV""}, ""2"": {""timestamp"": ""2024-03-01T19:45:22.427Z"", ""event_type"": ""activation"", ""ip_address"": ""198.51.100.37"", ""client_id"": ""web-client"", ""country"": ""NL"", ""subdivision"": ""ENG"", ""user_agent"": ""Mozilla/5.0 (Windows NT 10.0; Win64; x64) AppleWebKit/537.36"", ""successful"": true, ""error"": null, ""is_anonymous"": false, ""is_anonymous_vpn"": true, ""is_hosting_provider"": true, ""is_public_proxy"": false, ""is_residential_proxy"": false, ""is_tor_exit_node"": false, ""asn_org"": ""Example Hosting BV""}}"
63da62f757e019206a15589256497b65,2024-11-29T10:20:44.000Z,active,,"KyatTeePrim@duskwillow.bid,ViaPrimBurns@duskwillow.bid,freyavasquez@yandex.ru,glasshare254@hotmail.com,chloelindqvist22@icloud.com,LierCoupsVia@vextrahold.faith,DimsHubsJute@vextrahold.faith,SkreemDimsTee@duskwillow.bid,BurnsViaMug@vextrahold.faith,KyatMugTee@vextrahold.faith",SofiaKeller89,"KyatTeePrim,ViaPrimBurns,FreyaVasquez,glasshare254,ChloeLindqvist22,LierCoupsVia,DimsHubsJute,SkreemDimsTee,BurnsViaMug,KyatMugTee","{""1"": {""timestamp"": ""2024-03-01T14:46:36.000Z"", ""event_type"": ""account_creation"", ""ip_address"": null, ""client_id"": null, ""country"": null, ""subdivision"": null, ""user_agent"": null, ""successful"": true, ""error"": null, ""is_anonymous"": false, ""is_anonymous_vpn"": false, ""is_hosting_provider"": false, ""is_public_proxy"": false, ""is_residential_proxy"": false, ""is_tor_exit_node"": false, ""asn_org"": null}, ""2"": {""timestamp"": ""2024-03-02T00:40:33.340Z"", ""event_type"": ""activation"", ""ip_address"": null, ""client_id"": null, ""country"": null, ""subdivision"": null, ""user_agent"": null, ""successful"": true, ""error"": null, ""is_anonymous"": false, ""is_anonymous_vpn"": false, ""is_hosting_provider"": false, ""is_public_proxy"": false, ""is_residential_proxy"": false, ""is_tor_exit_node"": false, ""asn_org"": null}}"
114712f4c3ace91ce55cc8c8dfdbc05f,2024-09-24T12:51:44.000Z,active,ElmJuteJuteMugLea@sablefern.racing,"ElmJuteBurnsSkreemTee@sablefern.racing,ElmJuteHomedDimsMug@sablefern.racing,ElmJuteViaLierJute@sablefern.racing,ElmJuteJuteIdsSpuds@sablefern.racing,ivansilva@aol.com,elenavasquez@yahoo.com,HubsBurnsJute@duskwillow.bid,duskotter35@yahoo.com,tinvulture@gmx.de,ElmSpudsSkreem@quillmorrow.trade",ElmJuteJuteMugLea,"ElmJuteMugSkreemCoups,ElmJuteHubsIdsVia,ElmJuteLeaLierHubs,ElmJuteCoupsMugZing,IvanSilva,ElenaVasquez,HubsBurnsJute,duskotter35,tinvulture,ElmSpudsSkreem","{""1"": {""timestamp"": ""2024-09-24T12:51:44.000Z"", ""event_type"": ""account_creation"", ""ip_address"": null, ""client_id"": null, ""country"": null, ""subdivision"": null, ""user_agent"": null, ""successful"": true, ""error"": null, ""is_anonymous"": false, ""is_anonymous_vpn"": false, ""is_hosting_provider"": false, ""is_public_proxy"": false, ""is_residential_proxy"": false, ""is_tor_exit_node"": false, ""asn_org"": null}, ""2"": {""timestamp"": ""2024-09-24T12:51:46.945Z"", ""event_type"": ""activation"", ""ip_address"": null, ""client_id"": null, ""country"": null, ""subdivision"": null, ""user_agent"": null, ""successful"": true, ""error"": null, ""is_anonymous"": false, ""is_anonymous_vpn"": false, ""is_hosting_provider"": false, ""is_public_proxy"": false, ""is_residential_proxy"": false, ""is_tor_exit_node"": false, ""asn_org"": null}}"
b1c666167e7930faacd8f30d16f86e81,2024-03-09T14:51:36.000Z,active,quietmoth146@aol.com,"emberlark201@icloud.com,ViaLierJute@glimmerpost.review,softkestrel261@yandex.ru,ElmZingTee@glimmerpost.review,JuteZingCoups@vextrahold.faith,SpudsSkreemElm@tarnhollow.win,ashenpike303@gmx.de,DimsViaTee@hollowmarch.men,HomedSkreemHubs@quillmorrow.trade,JuteHubsSkreem@sablefern.racing",Quietmoth146,"emberlark201,ViaLierJute,softkestrel261,ElmZingTee,JuteZingCoups,SpudsSkreemElm,ashenpike303,DimsViaTee,HomedSkreemHubs,JuteHubsSkreem","{""1"": {""timestamp"": ""2024-03-01T00:37:59.000Z"", ""event_type"": ""account_creation"", ""ip_address"": null, ""client_id"": null, ""country"": null, ""subdivision"": null, ""user_agent"": null, ""successful"": true, ""error"": null, ""is_anonymous"": false, ""is_anonymous_vpn"": false, ""is_hosting_provider"": false, ""is_public_proxy"": false, ""is_residential_proxy"": false, ""is_tor_exit_node"": false, ""asn_org"": null}, ""2"": {""timestamp"": ""2024-03-01T00:38:04.025Z"", ""event_type"": ""activation"", ""ip_address"": null, ""client_id"": null, ""country"": null, ""subdivision"": null, ""user_agent"": null, ""successful"": true, ""error"": null, ""is_anonymous"": false, ""is_anonymous_vpn"": false, ""is_hosting_provider"": false, ""is_public_proxy"": false, ""is_residential_proxy"": false, ""is_tor_exit_node"": false, ""asn_org"": null}}"
e061325c58f77837ab60d854e05c8190,2024-05-23T21:00:47.000Z,active,frostgoat@icloud.com,"ashenpike585@gmx.de,ZingLierSpuds@brindlewick.loan,SpudsDimsHomed@duskwillow.bid,IdsHubsDims@hollowmarch.men,JuteHubsZing@duskwillow.bid,LierHomedDims@tarnhollow.win,ElmBurnsLier@glimmerpost.review,JuteZingIds@glimmerpost.review,DimsMugJute@duskwillow.bid,duskotter243@live.nl",FROSTGOAT,"ashenpike585,ZingLierSpuds,SpudsDimsHomed,IdsHubsDims,JuteHubsZing,LierHomedDims,ElmBurnsLier,JuteZingIds,DimsMugJute,duskotter243","{""1"": {""timestamp"": ""2024-03-01T01:53:56.000Z"", ""event_type"": ""account_creation"", ""ip_address"": null, ""client_id"": null, ""country"": null, ""subdivision"": null, ""user_agent"": null, ""successful"": true, ""error"": null, ""is_anonymous"": false, ""is_anonymous_vpn"": false, ""is_hosting_provider"": false, ""is_public_proxy"": false, ""is_residential_proxy"": false, ""is_tor_exit_node"": false, ""asn_org"": null}, ""2"": {""timestamp"": ""2024-03-01T06:46:31.344Z"", ""event_type"": ""activation"", ""ip_address"": null, ""client_id"": null, ""country"": null, ""subdivision"": null, ""user_agent"": null, ""successful"": true, ""error"": null, ""is_anonymous"": false, ""is_anonymous_vpn"": false, ""is_hosting_provider"": false, ""is_public_proxy"": false, ""is_residential_proxy"": false, ""is_tor_exit_node"": false, ""asn_org"": null}, ""3"": {""timestamp"": ""2024-03-04T01:53:56.000Z"", ""event_type"": ""login"", ""ip_address"": null, ""client_id"": null, ""country"": null, ""subdivision"": null, ""user_agent"": null, ""successful"": true, ""error"": null, ""is_anonymous"": false, ""is_anonymous_vpn"": false, ""is_hosting_provider"": false, ""is_public_proxy"": false, ""is_residential_proxy"": false, ""is_tor_exit_node"": false, ""asn_org"": null}, ""4"": {""timestamp"": ""2024-03-07T01:53:56.000Z"", ""event_type"": ""login"", ""ip_address"": null, ""client_id"": null, ""country"": null, ""subdivision"": null, ""user_agent"": null, ""successful"": true, ""error"": null, ""is_anonymous"": false, ""is_anonymous_vpn"": false, ""is_hosting_provider"": false, ""is_public_proxy"": false, ""is_residential_proxy"": false, ""is_tor_exit_node"": false, ""asn_org"": null}}"
d6ca8cfd877386051773f97a25ef23bd,2024-04-05T20:14:15.000Z,active,spudsjutekyat@tossbox.cc,"ashenpike517@gmail.com,ashenpike@hotmail.com,LeaKyatVia@brindlewick.loan,KyatPrimSpuds@sablefern.racing,ElmHubsBurns@glimmerpost.review,pedrodubois@yandex.ru,JuteLeaSkreem@glimmerpost.review,emberlark439@gmx.de,tinvulture607@icloud.com,jameslindqvist@hotmail.com",SpudsJuteKyat,"ashenpike517,ashenpike,LeaKyatVia,KyatPrimSpuds,ElmHubsBurns,PedroDubois,JuteLeaSkreem,emberlark439,tinvulture607,JamesLindqvist","{""1"": {""timestamp"": ""2024-03-01T19:25:54.000Z"", ""event_type"": ""account_creation"", ""ip_address"": null, ""client_id"": null, ""country"": null, ""subdivision"": null, ""user_agent"": null, ""successful"": true, ""error"": null, ""is_anonymous"": false, ""is_anonymous_vpn"": false, ""is_hosting_provider"": false, ""is_public_proxy"": false, ""is_residential_proxy"": false, ""is_tor_exit_node"": false, ""asn_org"": null}, ""2"": {""timestamp"": ""2024-03-01T19:25:58.922Z"", ""event_type"": ""activation"", ""ip_address"": null, ""client_id"": null, ""country"": null, ""subdivision"": null, ""user_agent"": null, ""successful"": true, ""error"": null, ""is_anonymous"": false, ""is_anonymous_vpn"": false, ""is_hosting_provider"": false, ""is_public_proxy"": false, ""is_residential_proxy"": false, ""is_tor_exit_node"": false, ""asn_org"": null}}"
3a5a351b3cfb5c2ad1f20eb56d94253b,2025-01-02T14:49:36.000Z,active,PrimCoupsJute@duskwillow.bid,,PrimCoupsJute,,"{""1"": {""timestamp"": ""2024-03-01T08:12:34.000Z"", ""event_type"": ""account_creation"", ""ip_address"": null, ""client_id"": null, ""country"": null, ""subdivision"": null, ""user_agent"": null, ""successful"": true, ""error"": null, ""is_anonymous"": false, ""is_anonymous_vpn"": false, ""is_hosting_provider"": false, ""is_public_proxy"": false, ""is_residential_proxy"": false, ""is_tor_exit_node"": false, ""asn_org"": null}, ""2"": {""timestamp"": ""2024-03-01T08:12:38.000Z"", ""event_type"": ""activation"", ""ip_address"": null, ""client_id"": null, ""country"": null, ""subdivision"": null, ""user_agent"": null, ""successful"": true, ""error"": null, ""is_anonymous"": false, ""is_anonymous_vpn"": false, ""is_hosting_provider"": false, ""is_public_proxy"": false, ""is_residential_proxy"": false, ""is_tor_exit_node"": false, ""asn_org"": null}}"
8385b077a59adfca62fa5217cb373bb8,2024-10-29T17:52:44.000Z,active,HomedKyatLea@haraldsen77.org,"ViaPrimHubs@tarnhollow.win,KyatLierMug@sablefern.racing,LierJuteLea@quillmorrow.trade,chloesilva@live.nl,CoupsSkreemZing@sablefern.racing,ViaZingPrim@quillmorrow.trade,duskotter571@gmx.de,IdsDimsLier@quillmorrow.trade,ashenpike@yahoo.com,duskotter837@live.nl",HomedKyatLea,"ViaPrimHubs,KyatLierMug,LierJuteLea,ChloeSilva,CoupsSkreemZing,ViaZingPrim,duskotter571,IdsDimsLier,ashenpike,duskotter837","{""1"": {""timestamp"": ""2024-03-01T16:50:10.000Z"", ""event_type"": ""account_creation"", ""ip_address"": null, ""client_id"": null, ""country"": null, ""subdivision"": null, ""user_agent"": null, ""successful"": true, ""error"": null, ""is_anonymous"": false, ""is_anonymous_vpn"": false, ""is_hosting_provider"": false, ""is_public_proxy"": false, ""is_residential_proxy"": false, ""is_tor_exit_node"": false, ""asn_org"": null}, ""2"": {""timestamp"": ""2024-03-01T16:50:39.747Z"", ""event_type"": ""activation"", ""ip_address"": null, ""client_id"": null, ""country"": null, ""subdivision"": null, ""user_agent"": null, ""successful"": true, ""error"": null, ""is_anonymous"": false, ""is_anonymous_vpn"": false, ""is_hosting_provider"": false, ""is_public_proxy"": false, ""is_residential_proxy"": false, ""is_tor_exit_node"": false, ""asn_org"": null}}"
0f43ef415bfa0e54d1737a54b4eaedbe,2024-04-07T04:27:46.000Z,active,primzingvia@binmail.link,"JutePrimSkreem@duskwillow.bid,pedrookafor5@outlook.com,ZingPrimLea@glimmerpost.review,chloekeller@icloud.com,SkreemZingDims@vextrahold.faith,frostgoat@icloud.com,IdsBurnsVia@vextrahold.faith,HubsSkreemHomed@sablefern.racing,LierBurnsElm@quillmorrow.trade,emberlark@hotmail.co.uk",PrimZingVia,"JutePrimSkreem,PedroOkafor5,ZingPrimLea,ChloeKeller,SkreemZingDims,frostgoat,IdsBurnsVia,HubsSkreemHomed,LierBurnsElm,emberlark","{""1"": {""timestamp"": ""2024-03-01T15:27:13.000Z"", ""event_type"": ""account_creation"", ""ip_address"": null, ""client_id"": null, ""country"": null, ""subdivision"": null, ""user_agent"": null, ""successful"": true, ""error"": null, ""is_anonymous"": false, ""is_anonymous_vpn"": false, ""is_hosting_provider"": false, ""is_public_proxy"": false, ""is_residential_proxy"": false, ""is_tor_exit_node"": false, ""asn_org"": null}, ""2"": {""timestamp"": ""2024-03-01T15:27:20.164Z"", ""event_type"": ""activation"", ""ip_address"": null, ""client_id"": null, ""country"": null, ""subdivision"": null, ""user_agent"": null, ""successful"": true, ""error"": null, ""is_anonymous"": false, ""is_anonymous_vpn"": false, ""is_hosting_provider"": false, ""is_public_proxy"": false, ""is_residential_proxy"": false, ""is_tor_exit_node"": false, ""asn_org"": null}}"
63d0478fb8041dba451bef4e81d08345,2025-01-30T20:04:25.000Z,active,e6vqafu4rxx@glimmerpost.review,"sofialindqvist2@yahoo.com,pedrosilva@gmail.com,glasshare952@gmx.de,frostgoat@yandex.ru,JuteDimsVia@duskwillow.bid,ElmZingBurns@quillmorrow.trade,pixelraven@gmx.de,HubsSpudsHomed@glimmerpost.review,jamesmoreau42@aol.com,glasshare127@aol.com",e6vqafu4rxx,"SofiaLindqvist2,PedroSilva,glasshare952,frostgoat,JuteDimsVia,ElmZingBurns,pixelraven,HubsSpudsHomed,JamesMoreau42,glasshare127","{""1"": {""timestamp"": ""2024-03-01T20:51:26.000Z"", ""event_type"": ""account_creation"", ""ip_address"": null, ""client_id"": null, ""country"": null, ""subdivision"": null, ""user_agent"": null, ""successful"": true, ""error"": null, ""is_anonymous"": false, ""is_anonymous_vpn"": false, ""is_hosting_provider"": false, ""is_public_proxy"": false, ""is_residential_proxy"": false, ""is_tor_exit_node"": false, ""asn_org"": null}, ""2"": {""timestamp"": ""2024-03-01T20:51:30.703Z"", ""event_type"": ""activation"", ""ip_address"": null, ""client_id"": null, ""country"": null, ""subdivision"": null, ""user_agent"": null, ""successful"": true, ""error"": null, ""is_anonymous"": false, ""is_anonymous_vpn"": false, ""is_hosting_provider"": false, ""is_public_proxy"": false, ""is_residential_proxy"": false, ""is_tor_exit_node"": false, ""asn_org"": null}}"
7c56f42455310404a4b95512bd9b3a31,2025-02-12T17:52:31.000Z,active,oscarokafor@hotmail.co.uk,"pedromoreau69@hotmail.co.uk,duskotter751@hotmail.com,mariasilva93@gmx.de,paleheron962@icloud.com,paleheron764@yahoo.com,LierSkreemBurns@quillmorrow.trade,freyakowalski@hotmail.com,IdsZingLier@sablefern.racing,paleheron@gmail.com,TeeIdsMug@glimmerpost.review",OscarOkafor,"PedroMoreau69,duskotter751,MariaSilva93,paleheron962,paleheron764,LierSkreemBurns,FreyaKowalski,IdsZingLier,paleheron,TeeIdsMug","{""1"": {""timestamp"": ""2024-03-01T01:55:24.000Z"", ""event_type"": ""account_creation"", ""ip_address"": null, ""client_id"": null, ""country"": null, ""subdivision"": null, ""user_agent"": null, ""successful"": true, ""error"": null, ""is_anonymous"": false, ""is_anonymous_vpn"": false, ""is_hosting_provider"": false, ""is_public_proxy"": false, ""is_residential_proxy"": false, ""is_tor_exit_node"": false, ""asn_org"": null}, ""2"": {""timestamp"": ""2024-03-01T22:23:24.957Z"", ""event_type"": ""activation"", ""ip_address"": null, ""client_id"": null, ""country"": null, ""subdivision"": null, ""user_agent"": null, ""successful"": true, ""error"": null, ""is_anonymous"": false, ""is_anonymous_vpn"": false, ""is_hosting_provider"": false, ""is_public_proxy"": false, ""is_residential_proxy"": false, ""is_tor_exit_node"": false, ""asn_org"": null}, ""3"": {""timestamp"": ""2024-03-04T01:55:24.000Z"", ""event_type"": ""login"", ""ip_address"": null, ""client_id"": null, ""country"": null, ""subdivision"": null, ""user_agent"": null, ""successful"": true, ""error"": null, ""is_anonymous"": false, ""is_anonymous_vpn"": false, ""is_hosting_provider"": false, ""is_public_proxy"": false, ""is_residential_proxy"": false, ""is_tor_exit_node"": false, ""asn_org"": null}, ""4"": {""timestamp"": ""2024-03-07T01:55:24.000Z"", ""event_type"": ""login"", ""ip_address"": null, ""client_id"": null, ""country"": null, ""subdivision"": null, ""user_agent"": null, ""successful"": true, ""error"": null, ""is_anonymous"": false, ""is_anonymous_vpn"": false, ""is_hosting_provider"": false, ""is_public_proxy"": false, ""is_residential_proxy"": false, ""is_tor_exit_node"": false, ""asn_org"": null}}"
ce7834fa53a2239e21eb0a3102d01510,2025-01-31T14:42:52.000Z,active,tinvulture@aol.com,"ivanlindqvist7@icloud.com,hannahahmed@gmail.com,frostgoat@yahoo.com,softkestrel60@yandex.ru,HomedMugKyat@tarnhollow.win,JuteHomedVia@sablefern.racing,oscarsilva37@gmail.com,chloeokafor42@outlook.com,LeaElmIds@tarnhollow.win,duskotter@outlook.com",tinvulture,"IvanLindqvist7,HannahAhmed,frostgoat,softkestrel60,HomedMugKyat,JuteHomedVia,OscarSilva37,ChloeOkafor42,LeaElmIds,duskotter","{""1"": {""timestamp"": ""2024-03-01T10:09:33.000Z"", ""event_type"": ""account_creation"", ""ip_address"": null, ""client_id"": null, ""country"": null, ""subdivision"": null, ""user_agent"": null, ""successful"": true, ""error"": null, ""is_anonymous"": false, ""is_anonymous_vpn"": false, ""is_hosting_provider"": false, ""is_public_proxy"": false, ""is_residential_proxy"": false, ""is_tor_exit_node"": false, ""asn_org"": null}, ""2"": {""timestamp"": ""2024-03-01T18:55:13.057Z"", ""event_type"": ""activation"", ""ip_address"": null, ""client_id"": null, ""country"": null, ""subdivision"": null, ""user_agent"": null, ""successful"": true, ""error"": null, ""is_anonymous"": false, ""is_anonymous_vpn"": false, ""is_hosting_provider"": false, ""is_public_proxy"": false, ""is_residential_proxy"": false, ""is_tor_exit_node"": false, ""asn_org"": null}, ""3"": {""timestamp"": ""2024-03-04T10:09:33.000Z"", ""event_type"": ""login"", ""ip_address"": null, ""client_id"": null, ""country"": null, ""subdivision"": null, ""user_agent"": null, ""successful"": true, ""error"": null, ""is_anonymous"": false, ""is_anonymous_vpn"": false, ""is_hosting_provider"": false, ""is_public_proxy"": false, ""is_residential_proxy"": false, ""is_tor_exit_node"": false, ""asn_org"": null}, ""4"": {""timestamp"": ""2024-03-07T10:09:33.000Z"", ""event_type"": ""login"", ""ip_address"": null, ""client_id"": null, ""country"": null, ""subdivision"": null, ""user_agent"": null, ""successful"": true, ""error"": null, ""is_anonymous"": false, ""is_anonymous_vpn"": false, ""is_hosting_provider"": false, ""is_public_proxy"": false, ""is_residential_proxy"": false, ""is_tor_exit_node"": false, ""asn_org"": null}}"
eecc94c2c16a9c45913ad679c3d1c160,2025-03-28T17:10:24.000Z,active,paleheron@gmail.com,"ViaTeeJute@hollowmarch.men,BurnsSpudsHubs@vextrahold.faith,ZingLierHubs@sablefern.racing,ashenpike@hotmail.com,ivansilva15@icloud.com,anjavasquez@hotmail.com,emberlark@hotmail.co.uk,freyakeller24@yahoo.com,tomasmoreau@yandex.ru,lukassilva76@yahoo.com",paleheron,"ViaTeeJute,BurnsSpudsHubs,ZingLierHubs,ashenpike,IvanSilva15,AnjaVasquez,emberlark,FreyaKeller24,TomasMoreau,LukasSilva76","{""1"": {""timestamp"": ""2024-03-01T10:39:06.000Z"", ""event_type"": ""account_creation"", ""ip_address"": null, ""client_id"": null, ""country"": null, ""subdivision"": null, ""user_agent"": null, ""successful"": true, ""error"": null, ""is_anonymous"": false, ""is_anonymous_vpn"": false, ""is_hosting_provider"": false, ""is_public_proxy"": false, ""is_residential_proxy"": false, ""is_tor_exit_node"": false, ""asn_org"": null}, ""2"": {""timestamp"": ""2024-03-01T12:17:13.367Z"", ""event_type"": ""activation"", ""ip_address"": null, ""client_id"": null, ""country"": null, ""subdivision"": null, ""user_agent"": null, ""successful"": true, ""error"": null, ""is_anonymous"": false, ""is_anonymous_vpn"": false, ""is_hosting_provider"": false, ""is_public_proxy"": false, ""is_residential_proxy"": false, ""is_tor_exit_node"": false, ""asn_org"": null}}"
efb5a20c9c74dcc631f5d38850924ec5,2024-04-15T20:33:17.000Z,active,kyatteehubs@duskwillow.bid,"softkestrel859@icloud.com,oscarkeller76@yandex.ru,ElmSpudsPrim@duskwillow.bid,ZingMugCoups@quillmorrow.trade,ZingBurnsLier@vextrahold.faith,DimsElmBurns@brindlewick.loan,tinvulture993@hotmail.co.uk,DimsPrimSpuds@tarnhollow.win,HubsIdsBurns@vextrahold.faith,HomedSpudsBurns@brindlewick.loan",KyatTeeHubs,"softkestrel859,OscarKeller76,ElmSpudsPrim,ZingMugCoups,ZingBurnsLier,DimsElmBurns,tinvulture993,DimsPrimSpuds,HubsIdsBurns,HomedSpudsBurns","{""1"": {""timestamp"": ""2024-03-01T16:57:38.000Z"", ""event_type"": ""account_creation"", ""ip_address"": ""198.51.100.37"", ""client_id"": ""web-client"", ""country"": ""NL"", ""subdivision"": ""ENG"", ""user_agent"": ""Mozilla/5.0 (Windows NT 10.0; Win64; x64) AppleWebKit/537.36"", ""successful"": true, ""error"": null, ""is_anonymous"": false, ""is_anonymous_vpn"": true, ""is_hosting_provider"": true, ""is_public_proxy"": false, ""is_residential_proxy"": false, ""is_tor_exit_node"": false, ""asn_org"": ""Example Hosting BV""}, ""2"": {""timestamp"": ""2024-03-01T16:57:43.089Z"", ""event_type"": ""activation"", ""ip_address"": ""198.51.100.37"", ""client_id"": ""web-client"", ""country"": ""NL"", ""subdivision"": ""ENG"", ""user_agent"": ""Mozilla/5.0 (Windows NT 10.0; Win64; x64) AppleWebKit/537.36"", ""successful"": true, ""error"": null, ""is_anonymous"": false, ""is_anonymous_vpn"": true, ""is_hosting_provider"": true, ""is_public_proxy"": false, ""is_residential_proxy"": false, ""is_tor_exit_node"": false, ""asn_org"": ""Example Hosting BV""}}"
